-- MySQL dump 10.11
--
-- Host: localhost    Database: nsu2_dev
-- ------------------------------------------------------
-- Server version	5.0.32-Debian_7etch6-log

/*!40101 SET @OLD_CHARACTER_SET_CLIENT=@@CHARACTER_SET_CLIENT */;
/*!40101 SET @OLD_CHARACTER_SET_RESULTS=@@CHARACTER_SET_RESULTS */;
/*!40101 SET @OLD_COLLATION_CONNECTION=@@COLLATION_CONNECTION */;
/*!40101 SET NAMES utf8 */;
/*!40103 SET @OLD_TIME_ZONE=@@TIME_ZONE */;
/*!40103 SET TIME_ZONE='+00:00' */;
/*!40014 SET @OLD_UNIQUE_CHECKS=@@UNIQUE_CHECKS, UNIQUE_CHECKS=0 */;
/*!40014 SET @OLD_FOREIGN_KEY_CHECKS=@@FOREIGN_KEY_CHECKS, FOREIGN_KEY_CHECKS=0 */;
/*!40101 SET @OLD_SQL_MODE=@@SQL_MODE, SQL_MODE='NO_AUTO_VALUE_ON_ZERO' */;
/*!40111 SET @OLD_SQL_NOTES=@@SQL_NOTES, SQL_NOTES=0 */;

--
-- Table structure for table `accesses`
--

DROP TABLE IF EXISTS `accesses`;
CREATE TABLE `accesses` (
  `id` int(11) NOT NULL auto_increment,
  `user_id` int(11) default NULL,
  `model_id` int(11) default NULL,
  `model_name` varchar(100) default NULL,
  PRIMARY KEY  (`id`)
) ENGINE=InnoDB DEFAULT CHARSET=utf8;

--
-- Dumping data for table `accesses`
--

LOCK TABLES `accesses` WRITE;
/*!40000 ALTER TABLE `accesses` DISABLE KEYS */;
/*!40000 ALTER TABLE `accesses` ENABLE KEYS */;
UNLOCK TABLES;

--
-- Table structure for table `answers`
--

DROP TABLE IF EXISTS `answers`;
CREATE TABLE `answers` (
  `id` int(11) NOT NULL auto_increment,
  `question_id` int(11) default NULL,
  `answer` text,
  `user_id` int(11) default NULL,
  PRIMARY KEY  (`id`)
) ENGINE=InnoDB DEFAULT CHARSET=utf8;

--
-- Dumping data for table `answers`
--

LOCK TABLES `answers` WRITE;
/*!40000 ALTER TABLE `answers` DISABLE KEYS */;
/*!40000 ALTER TABLE `answers` ENABLE KEYS */;
UNLOCK TABLES;

--
-- Table structure for table `bookmarks`
--

DROP TABLE IF EXISTS `bookmarks`;
CREATE TABLE `bookmarks` (
  `id` int(11) NOT NULL auto_increment,
  `title` varchar(255) default NULL,
  `bookmarkable_type` varchar(15) NOT NULL default '',
  `bookmarkable_id` int(11) NOT NULL default '0',
  `user_id` int(11) NOT NULL default '0',
  `created_at` datetime NOT NULL,
  PRIMARY KEY  (`id`)
) ENGINE=InnoDB DEFAULT CHARSET=utf8;

--
-- Dumping data for table `bookmarks`
--

LOCK TABLES `bookmarks` WRITE;
/*!40000 ALTER TABLE `bookmarks` DISABLE KEYS */;
INSERT INTO `bookmarks` VALUES (1,'<p>Занятие II. “Пройти собеседование &#8211; получить работу”.</p>','Post',60,1,'2008-12-20 16:21:27'),(3,'Test subscribe notification ','Post',70,1,'2008-12-23 08:58:36'),(4,'<p>Презентация компании “Марс” 26 ноября в 14.20 в 442 ауд. главного корпуса НГУ</p>','Post',9,1,'2008-12-23 08:59:51'),(5,'Временные неполадки с доставкой писем.','Post',232,1,'2009-02-04 17:56:48');
/*!40000 ALTER TABLE `bookmarks` ENABLE KEYS */;
UNLOCK TABLES;

--
-- Table structure for table `brain_busters`
--

DROP TABLE IF EXISTS `brain_busters`;
CREATE TABLE `brain_busters` (
  `id` int(11) NOT NULL auto_increment,
  `question` varchar(255) default NULL,
  `answer` varchar(255) default NULL,
  PRIMARY KEY  (`id`)
) ENGINE=InnoDB DEFAULT CHARSET=utf8;

--
-- Dumping data for table `brain_busters`
--

LOCK TABLES `brain_busters` WRITE;
/*!40000 ALTER TABLE `brain_busters` DISABLE KEYS */;
INSERT INTO `brain_busters` VALUES (1,'What is two plus two?','4'),(2,'What is the number before twelve?','11'),(3,'Five times two is what?','10'),(4,'Insert the next number in this sequence: 10, 11, 12, 13, 14, ??','15'),(5,'What is five times five?','25'),(6,'Ten divided by two is what?','5'),(7,'What day comes after Monday?','tuesday'),(8,'What is the last month of the year?','december');
/*!40000 ALTER TABLE `brain_busters` ENABLE KEYS */;
UNLOCK TABLES;

--
-- Table structure for table `comments`
--

DROP TABLE IF EXISTS `comments`;
CREATE TABLE `comments` (
  `id` int(11) NOT NULL auto_increment,
  `post_id` int(11) default NULL,
  `user_id` int(11) default NULL,
  `content` text,
  `created_at` datetime default NULL,
  `updated_at` datetime default NULL,
  `position` int(10) unsigned NOT NULL default '1',
  PRIMARY KEY  (`id`)
) ENGINE=InnoDB DEFAULT CHARSET=utf8;

--
-- Dumping data for table `comments`
--

LOCK TABLES `comments` WRITE;
/*!40000 ALTER TABLE `comments` DISABLE KEYS */;
INSERT INTO `comments` VALUES (22,229,1,'rm post','2009-01-19 21:22:09','2009-01-19 21:22:09',1),(23,229,2,'это мой личный дневник :)','2009-01-19 21:33:46','2009-01-19 21:33:46',1),(24,229,1,')','2009-01-19 21:54:21','2009-01-19 21:54:21',1),(25,229,2,'я изменил статус записи на личное. каким образом ты ответил на этот коментарий?\n\nправа доступа видимо не работают.\n\nво-первых их можно коментировать. \nво-вторых статуса не видо.\n\nУбираем из начальной версии.','2009-01-19 22:03:38','2009-01-19 22:03:38',1),(26,229,1,'есть такая, когда меняешь тип поста, уже после создания, тогда бывает баги.','2009-01-19 22:23:58','2009-01-19 22:23:58',1),(28,232,1,'Письма теперь идут.','2009-01-20 21:43:16','2009-01-20 21:43:16',1);
/*!40000 ALTER TABLE `comments` ENABLE KEYS */;
UNLOCK TABLES;

--
-- Table structure for table `communities`
--

DROP TABLE IF EXISTS `communities`;
CREATE TABLE `communities` (
  `id` int(11) NOT NULL auto_increment,
  `title` varchar(255) default NULL,
  `description` text,
  `user_id` int(11) default NULL,
  `status` enum('private','public') default 'public',
  `created_at` datetime default NULL,
  `updated_at` datetime default NULL,
  `searchable` text,
  `visits` int(11) default NULL,
  PRIMARY KEY  (`id`)
) ENGINE=InnoDB DEFAULT CHARSET=utf8;

--
-- Dumping data for table `communities`
--

LOCK TABLES `communities` WRITE;
/*!40000 ALTER TABLE `communities` DISABLE KEYS */;
INSERT INTO `communities` VALUES (1,'Новосибирский Государственный Универсистет','Классический универсистет России и СНГ.',1,'public','2008-12-07 15:02:43','2009-02-23 20:37:15','новосибирский государственный универсистет классический универсистет россии и снг',NULL),(2,'Работа','Сообщество для тех кто ищет работу, уже нашёл и хочет рассказать другим.\r\n\r\n',1,'public','2008-12-16 09:59:35','2009-02-18 13:34:47','работа сообщество для тех кто ищет работу уже нашёл и хочет рассказать другим\r\n\r\n',NULL),(5,'Test','test',2,'private','2008-12-20 17:06:09','2009-02-18 13:34:47','test test',NULL),(9,'Лаборатория Интел-НГУ','Новости лаборатории Интел-НГУ',2,'public','2009-01-11 21:24:39','2009-02-18 13:34:47','лаборатория интелнгу новости лаборатории интелнгу',NULL),(12,'Кафедра Программирования ММФ','Сообщество студентов кафедры программирования ММФ НГУ.\r\n',2,'public','2009-01-18 16:41:52','2009-02-18 13:34:47','кафедра программирования ммф сообщество студентов кафедры программирования ммф нгу\r\n',NULL),(13,'MyNSU','Это сообщество тех кому нравится MyNSU. \r\n\r\nЗдесь можно:\r\n- сделать редложение по поводу развития сайта\r\n- узнать последние новости и планы комнады MyNSU\r\n',2,'public','2009-01-19 19:44:59','2009-02-18 13:34:47','mynsu это сообщество тех кому нравится mynsu \r\n\r\nздесь можно\r\n сделать редложение по поводу развития сайта\r\n узнать последние новости и планы комнады mynsu\r\n',NULL),(14,'Студенты НГУ','Если ты учишься в НГУ, тогда это сообщество для тебя.12313\r\n\r\nПознакомся с другими студентами, расширяй круг общения. Вперед!!!',1,'public','2009-01-21 17:02:26','2009-02-23 07:37:40','студенты нгу если ты учишься в нгу тогда это сообщество для тебя12313\r\n\r\nпознакомся с другими студентами расширяй круг общения вперед',NULL),(18,'MyInitTest','teste',4,'private','2009-02-23 20:33:58','2009-02-23 20:33:58','myinittest teste',NULL);
/*!40000 ALTER TABLE `communities` ENABLE KEYS */;
UNLOCK TABLES;

--
-- Table structure for table `communities_users`
--

DROP TABLE IF EXISTS `communities_users`;
CREATE TABLE `communities_users` (
  `id` int(11) NOT NULL auto_increment,
  `user_id` int(11) default NULL,
  `community_id` int(11) default NULL,
  `status` enum('creator','moderator','reader','member') default 'member',
  `created_at` datetime default NULL,
  PRIMARY KEY  (`id`),
  KEY `community_id` (`community_id`)
) ENGINE=InnoDB DEFAULT CHARSET=utf8;

--
-- Dumping data for table `communities_users`
--

LOCK TABLES `communities_users` WRITE;
/*!40000 ALTER TABLE `communities_users` DISABLE KEYS */;
INSERT INTO `communities_users` VALUES (1,1,1,'creator','2008-12-07 15:02:43'),(2,4,1,'member','2008-12-13 20:55:25'),(3,1,2,'creator','2008-12-16 09:59:35'),(5,2,2,'member','2008-12-16 13:55:05'),(6,1,3,'creator','2008-12-17 17:58:55'),(7,1,4,'creator','2008-12-18 19:18:55'),(8,2,4,'member','2008-12-18 19:35:26'),(9,2,5,'creator','2008-12-20 17:06:09'),(11,1,6,'creator','2008-12-27 05:38:59'),(12,2,6,'reader','2008-12-27 07:02:37'),(13,4,6,'member','2008-12-27 13:34:46'),(14,4,7,'creator','2008-12-27 13:35:36'),(16,5,5,'member','2008-12-29 06:22:04'),(18,4,5,'member','2008-12-29 06:22:55'),(19,18,8,'creator','2008-12-30 21:53:58'),(20,18,6,'moderator','2008-12-31 07:01:37'),(21,5,6,'member','2009-01-11 15:43:56'),(22,2,9,'creator','2009-01-11 21:24:39'),(23,1,10,'creator','2009-01-12 18:02:05'),(24,1,11,'creator','2009-01-13 21:16:04'),(25,1,10,'creator','2009-01-17 11:45:22'),(26,1,11,'creator','2009-01-17 12:57:31'),(27,2,12,'creator','2009-01-18 16:41:52'),(28,4,9,'member','2009-01-19 09:06:32'),(29,4,12,'member','2009-01-19 09:06:38'),(30,1,9,'member','2009-01-19 09:09:21'),(31,1,12,'member','2009-01-19 09:09:26'),(32,2,13,'creator','2009-01-19 19:44:59'),(33,2,1,'member','2009-01-19 19:51:14'),(34,1,13,'member','2009-01-19 21:20:45'),(35,19,9,'member','2009-01-20 07:08:09'),(36,1,14,'creator','2009-01-21 17:02:26'),(37,4,14,'reader','2009-02-03 04:15:59'),(40,4,13,'member','2009-02-22 16:11:57'),(43,1,15,'creator','2009-02-16 07:11:17'),(46,4,16,'creator','2009-02-22 18:45:12'),(54,1,17,'creator','2009-02-23 20:28:06'),(55,4,17,'member','2009-02-23 20:32:29'),(56,4,18,'creator','2009-02-23 20:33:58');
/*!40000 ALTER TABLE `communities_users` ENABLE KEYS */;
UNLOCK TABLES;

--
-- Table structure for table `datafiles`
--

DROP TABLE IF EXISTS `datafiles`;
CREATE TABLE `datafiles` (
  `id` int(11) NOT NULL auto_increment,
  `user_id` int(11) default NULL,
  `model_id` int(11) default NULL,
  `model_name` varchar(150) default NULL,
  `avatar` int(11) default '0',
  `filename` varchar(255) default NULL,
  `content_type` varchar(255) default NULL,
  `thumbnail` varchar(255) default NULL,
  `size` int(11) default NULL,
  `width` int(11) default NULL,
  `height` int(11) default NULL,
  PRIMARY KEY  (`id`)
) ENGINE=InnoDB DEFAULT CHARSET=utf8;

--
-- Dumping data for table `datafiles`
--

LOCK TABLES `datafiles` WRITE;
/*!40000 ALTER TABLE `datafiles` DISABLE KEYS */;
INSERT INTO `datafiles` VALUES (22,1,0,NULL,1,'facebook.jpg','image/jpeg',NULL,13512,80,60),(23,4,0,NULL,1,'avatar37382_1.gif','image/gif',NULL,6751,60,60),(24,19,0,NULL,1,'_.jpg','image/jpeg',NULL,2589066,80,60);
/*!40000 ALTER TABLE `datafiles` ENABLE KEYS */;
UNLOCK TABLES;

--
-- Table structure for table `events`
--

DROP TABLE IF EXISTS `events`;
CREATE TABLE `events` (
  `id` int(10) unsigned NOT NULL auto_increment,
  `started_on` datetime NOT NULL,
  `finished_on` datetime NOT NULL,
  `created_at` datetime NOT NULL,
  `updated_at` varchar(45) NOT NULL,
  `user_id` int(11) NOT NULL,
  `post_id` int(11) unsigned NOT NULL,
  `place` varchar(256) NOT NULL,
  PRIMARY KEY  (`id`)
) ENGINE=InnoDB DEFAULT CHARSET=utf8;

--
-- Dumping data for table `events`
--

LOCK TABLES `events` WRITE;
/*!40000 ALTER TABLE `events` DISABLE KEYS */;
INSERT INTO `events` VALUES (2,'2009-01-14 00:00:00','2009-01-15 00:00:00','2009-01-18 07:15:56','2009-01-18 07:15:56',1,223,'NGU, NSK'),(3,'2009-02-10 00:00:00','2009-02-24 00:00:00','2009-02-22 14:30:32','2009-02-22 14:30:32',4,234,'nsk'),(4,'2009-04-01 00:00:00','2009-02-19 00:00:00','2009-02-22 22:38:45','2009-02-22 22:38:45',4,233,'НГУ, Пирогова'),(5,'2009-02-25 00:00:00','2009-02-27 00:00:00','2009-02-23 00:47:17','2009-02-23 00:47:17',4,234,'nsk'),(6,'2009-02-16 00:00:00','2009-02-25 00:00:00','2009-02-23 17:38:31','2009-02-23 17:38:31',4,240,'nsk'),(7,'2009-02-25 00:00:00','2009-02-27 00:00:00','2009-02-23 17:46:09','2009-02-23 17:46:09',4,241,'nsk'),(8,'2009-02-11 00:00:00','2009-02-27 00:00:00','2009-02-23 17:47:51','2009-02-23 17:47:51',1,242,'nsk'),(9,'2009-02-11 00:00:00','2009-02-17 00:00:00','2009-02-23 17:50:57','2009-02-23 17:50:57',1,243,'nsk'),(10,'2009-02-18 00:00:00','2009-03-24 00:00:00','2009-02-23 18:40:30','2009-02-23 18:40:30',1,245,'USA');
/*!40000 ALTER TABLE `events` ENABLE KEYS */;
UNLOCK TABLES;

--
-- Table structure for table `events_users`
--

DROP TABLE IF EXISTS `events_users`;
CREATE TABLE `events_users` (
  `Id` int(6) unsigned NOT NULL auto_increment,
  `user_id` tinyint(4) default NULL,
  `event_id` tinyint(4) default NULL,
  PRIMARY KEY  (`Id`)
) ENGINE=InnoDB DEFAULT CHARSET=utf8;

--
-- Dumping data for table `events_users`
--

LOCK TABLES `events_users` WRITE;
/*!40000 ALTER TABLE `events_users` DISABLE KEYS */;
INSERT INTO `events_users` VALUES (3,2,2),(4,4,3),(5,4,4),(7,1,4),(8,4,5),(9,1,3),(10,4,6),(11,1,6),(12,4,7),(13,1,8),(14,1,9),(15,1,10);
/*!40000 ALTER TABLE `events_users` ENABLE KEYS */;
UNLOCK TABLES;

--
-- Table structure for table `feeds`
--

DROP TABLE IF EXISTS `feeds`;
CREATE TABLE `feeds` (
  `id` int(10) unsigned NOT NULL auto_increment,
  `url` varchar(255) NOT NULL,
  `description` text NOT NULL,
  `community_id` int(10) unsigned NOT NULL,
  `length` int(10) unsigned NOT NULL default '7',
  `name` varchar(255) NOT NULL,
  `encoding` varchar(255) default 'utf-8',
  `created_at` datetime default NULL,
  `updated_at` datetime default NULL,
  PRIMARY KEY  (`id`)
) ENGINE=InnoDB DEFAULT CHARSET=utf8;

--
-- Dumping data for table `feeds`
--

LOCK TABLES `feeds` WRITE;
/*!40000 ALTER TABLE `feeds` DISABLE KEYS */;
INSERT INTO `feeds` VALUES (10,'--- \n- &id421 !ruby/object:Hpricot::Elem \n  children: []\n\n  etag: \n  stag: !ruby/object:Hpricot::STag \n    name: link\n    parent: &id001 !ruby/object:Hpricot::Elem \n      children: \n      - !ruby/object:Hpricot::Text \n        content: \"\\n\\\n          \\t\\t\"','http://mephistoblog.com/',8,7,'http://mephistoblog.com/','','2008-12-30 21:54:28','2008-12-30 21:54:28'),(11,'http://www.i-lab.nsu.ru/engine/rss.php','Новости с сайта Лаборатории Интел-НГУ',9,7,'Новости лаборатории Интел-НГУ','','2009-01-18 16:38:04','2009-01-18 16:39:07');
/*!40000 ALTER TABLE `feeds` ENABLE KEYS */;
UNLOCK TABLES;

--
-- Table structure for table `friendships`
--

DROP TABLE IF EXISTS `friendships`;
CREATE TABLE `friendships` (
  `id` int(11) NOT NULL auto_increment,
  `user_id` int(11) default NULL,
  `friend_id` int(11) default NULL,
  `status` varchar(255) default NULL,
  PRIMARY KEY  (`id`)
) ENGINE=InnoDB DEFAULT CHARSET=utf8;

--
-- Dumping data for table `friendships`
--

LOCK TABLES `friendships` WRITE;
/*!40000 ALTER TABLE `friendships` DISABLE KEYS */;
INSERT INTO `friendships` VALUES (4,2,1,'accepted'),(6,2,4,'accepted'),(14,26,1,'accepted'),(19,1,4,'accepted'),(20,4,1,'accepted');
/*!40000 ALTER TABLE `friendships` ENABLE KEYS */;
UNLOCK TABLES;

--
-- Table structure for table `invites`
--

DROP TABLE IF EXISTS `invites`;
CREATE TABLE `invites` (
  `id` int(11) NOT NULL auto_increment,
  `sender_id` int(11) default NULL,
  `user_id` int(11) default NULL,
  `model_id` int(11) default NULL,
  `model_name` varchar(100) default NULL,
  `status` enum('forbidden','accepted','refuse','waiting') default 'waiting',
  `message` text,
  `created_at` datetime default NULL,
  `updated_at` datetime default NULL,
  `about` varchar(255) default NULL,
  PRIMARY KEY  (`id`)
) ENGINE=InnoDB DEFAULT CHARSET=utf8;

--
-- Dumping data for table `invites`
--

LOCK TABLES `invites` WRITE;
/*!40000 ALTER TABLE `invites` DISABLE KEYS */;
INSERT INTO `invites` VALUES (1,1,NULL,NULL,'Email','waiting','--- \n- \" nsu1team@gmail.com\"\n','2008-12-18 17:24:23','2008-12-18 17:24:23',NULL),(2,1,NULL,NULL,'Email','waiting','--- \n- \" nsu1team@gmail.com\"\n','2008-12-18 17:25:57','2008-12-18 17:25:57',NULL),(3,1,2,6,'Community','accepted',NULL,'2008-12-27 05:39:09','2008-12-27 07:02:37',NULL),(4,1,6,6,'Community','waiting',NULL,'2008-12-27 08:28:14','2008-12-27 08:28:14',NULL),(5,1,7,6,'Community','waiting',NULL,'2008-12-27 08:28:14','2008-12-27 08:28:14',NULL),(6,1,3,6,'Community','waiting',NULL,'2008-12-27 08:28:14','2008-12-27 08:28:14',NULL),(7,1,5,6,'Community','waiting',NULL,'2008-12-27 08:28:14','2008-12-27 08:28:14',NULL),(8,1,7,4,'Community','waiting',NULL,'2008-12-27 09:15:01','2008-12-27 09:15:01',NULL),(11,4,6,14,'Community','waiting',NULL,'2009-02-23 00:57:57','2009-02-23 00:57:57',NULL),(12,4,7,14,'Community','waiting',NULL,'2009-02-23 00:57:57','2009-02-23 00:57:57',NULL),(13,4,27,14,'Community','waiting',NULL,'2009-02-23 00:57:57','2009-02-23 00:57:57',NULL),(14,4,28,14,'Community','waiting',NULL,'2009-02-23 00:57:57','2009-02-23 00:57:57',NULL),(15,4,10,14,'Community','waiting',NULL,'2009-02-23 00:57:57','2009-02-23 00:57:57',NULL);
/*!40000 ALTER TABLE `invites` ENABLE KEYS */;
UNLOCK TABLES;

--
-- Table structure for table `jobs`
--

DROP TABLE IF EXISTS `jobs`;
CREATE TABLE `jobs` (
  `id` int(11) NOT NULL auto_increment,
  `worker_class` varchar(255) default NULL,
  `worker_method` varchar(255) default NULL,
  `args` text,
  `result` text,
  `priority` int(11) default NULL,
  `progress` int(11) default NULL,
  `state` varchar(255) default NULL,
  `lock_version` int(11) default '0',
  `start_at` datetime default NULL,
  `started_at` datetime default NULL,
  `created_at` datetime default NULL,
  `updated_at` datetime default NULL,
  PRIMARY KEY  (`id`),
  KEY `index_jobs_on_state` (`state`),
  KEY `index_jobs_on_start_at` (`start_at`),
  KEY `index_jobs_on_priority` (`priority`)
) ENGINE=InnoDB DEFAULT CHARSET=utf8;

--
-- Dumping data for table `jobs`
--

LOCK TABLES `jobs` WRITE;
/*!40000 ALTER TABLE `jobs` DISABLE KEYS */;
INSERT INTO `jobs` VALUES (81913,'NotifyMashine','sign_up_part','--- \n- 12\n- eetah7Uc\n','wrong number of arguments (2 for 1)\n/home/ochirov/project/social_network/trunk/vendor/plugins/background_fu/lib/job.rb:59:in `sign_up_part\' /home/ochirov/project/social_network/trunk/vendor/plugins/background_fu/lib/job.rb:59:in `send!\' /home/ochirov/project/social_network/trunk/vendor/plugins/background_fu/lib/job.rb:59:in `invoke_worker\' /home/ochirov/project/social_network/trunk/vendor/plugins/background_fu/lib/job.rb:32:in `get_done!\' /home/ochirov/project/social_network/trunk/lib/daemons/background.rb:15 /home/ochirov/project/social_network/trunk/lib/daemons/background.rb:13:in `loop\' /home/ochirov/project/social_network/trunk/lib/daemons/background.rb:13 /usr/local/lib/ruby/gems/1.8/gems/daemons-1.0.10/lib/daemons/application.rb:176:in `load\' /usr/local/lib/ruby/gems/1.8/gems/daemons-1.0.10/lib/daemons/application.rb:176:in `start_load\' /usr/local/lib/ruby/gems/1.8/gems/daemons-1.0.10/lib/daemons/application.rb:257:in `start\' /usr/local/lib/ruby/gems/1.8/gems/daemons-1.0.10/lib/daemons/controller.rb:69:in `run\' /usr/local/lib/ruby/gems/1.8/gems/daemons-1.0.10/lib/daemons.rb:139:in `run\' /usr/local/lib/ruby/gems/1.8/gems/daemons-1.0.10/lib/daemons/cmdline.rb:105:in `call\' /usr/local/lib/ruby/gems/1.8/gems/daemons-1.0.10/lib/daemons/cmdline.rb:105:in `catch_exceptions\' /usr/local/lib/ruby/gems/1.8/gems/daemons-1.0.10/lib/daemons.rb:138:in `run\' script/../lib/daemons/background_ctl:20',0,NULL,'failed',2,'2008-12-30 21:26:48','2008-12-30 21:26:52','2008-12-30 21:26:48','2008-12-30 21:26:52'),(81914,'NotifyMashine','sign_up_part','--- \n- 13\n- och7Niec\n','wrong number of arguments (2 for 1)\n/home/ochirov/project/social_network/trunk/vendor/plugins/background_fu/lib/job.rb:59:in `sign_up_part\' /home/ochirov/project/social_network/trunk/vendor/plugins/background_fu/lib/job.rb:59:in `send!\' /home/ochirov/project/social_network/trunk/vendor/plugins/background_fu/lib/job.rb:59:in `invoke_worker\' /home/ochirov/project/social_network/trunk/vendor/plugins/background_fu/lib/job.rb:32:in `get_done!\' /home/ochirov/project/social_network/trunk/lib/daemons/background.rb:15 /home/ochirov/project/social_network/trunk/lib/daemons/background.rb:13:in `loop\' /home/ochirov/project/social_network/trunk/lib/daemons/background.rb:13 /usr/local/lib/ruby/gems/1.8/gems/daemons-1.0.10/lib/daemons/application.rb:176:in `load\' /usr/local/lib/ruby/gems/1.8/gems/daemons-1.0.10/lib/daemons/application.rb:176:in `start_load\' /usr/local/lib/ruby/gems/1.8/gems/daemons-1.0.10/lib/daemons/application.rb:257:in `start\' /usr/local/lib/ruby/gems/1.8/gems/daemons-1.0.10/lib/daemons/controller.rb:69:in `run\' /usr/local/lib/ruby/gems/1.8/gems/daemons-1.0.10/lib/daemons.rb:139:in `run\' /usr/local/lib/ruby/gems/1.8/gems/daemons-1.0.10/lib/daemons/cmdline.rb:105:in `call\' /usr/local/lib/ruby/gems/1.8/gems/daemons-1.0.10/lib/daemons/cmdline.rb:105:in `catch_exceptions\' /usr/local/lib/ruby/gems/1.8/gems/daemons-1.0.10/lib/daemons.rb:138:in `run\' script/../lib/daemons/background_ctl:20',0,NULL,'failed',2,'2008-12-30 21:29:57','2008-12-30 21:29:58','2008-12-30 21:29:57','2008-12-30 21:29:59'),(81917,'NotifyMashine','sign_up_part','--- \n- 16\n- ahb7Phaw\n','wrong number of arguments (2 for 1)\n/home/ochirov/project/social_network/trunk/vendor/plugins/background_fu/lib/job.rb:59:in `sign_up_part\' /home/ochirov/project/social_network/trunk/vendor/plugins/background_fu/lib/job.rb:59:in `send!\' /home/ochirov/project/social_network/trunk/vendor/plugins/background_fu/lib/job.rb:59:in `invoke_worker\' /home/ochirov/project/social_network/trunk/vendor/plugins/background_fu/lib/job.rb:32:in `get_done!\' /home/ochirov/project/social_network/trunk/lib/daemons/background.rb:15 /home/ochirov/project/social_network/trunk/lib/daemons/background.rb:13:in `loop\' /home/ochirov/project/social_network/trunk/lib/daemons/background.rb:13 /usr/local/lib/ruby/gems/1.8/gems/daemons-1.0.10/lib/daemons/application.rb:176:in `load\' /usr/local/lib/ruby/gems/1.8/gems/daemons-1.0.10/lib/daemons/application.rb:176:in `start_load\' /usr/local/lib/ruby/gems/1.8/gems/daemons-1.0.10/lib/daemons/application.rb:257:in `start\' /usr/local/lib/ruby/gems/1.8/gems/daemons-1.0.10/lib/daemons/controller.rb:69:in `run\' /usr/local/lib/ruby/gems/1.8/gems/daemons-1.0.10/lib/daemons.rb:139:in `run\' /usr/local/lib/ruby/gems/1.8/gems/daemons-1.0.10/lib/daemons/cmdline.rb:105:in `call\' /usr/local/lib/ruby/gems/1.8/gems/daemons-1.0.10/lib/daemons/cmdline.rb:105:in `catch_exceptions\' /usr/local/lib/ruby/gems/1.8/gems/daemons-1.0.10/lib/daemons.rb:138:in `run\' script/../lib/daemons/background_ctl:20',0,NULL,'failed',2,'2008-12-30 21:38:18','2008-12-30 21:38:20','2008-12-30 21:38:18','2008-12-30 21:38:20'),(81918,'NotifyMashine','sign_up_part','--- \n- 17\n- oochaeV2\n','wrong number of arguments (2 for 1)\n/home/ochirov/project/social_network/trunk/vendor/plugins/background_fu/lib/job.rb:59:in `sign_up_part\' /home/ochirov/project/social_network/trunk/vendor/plugins/background_fu/lib/job.rb:59:in `send!\' /home/ochirov/project/social_network/trunk/vendor/plugins/background_fu/lib/job.rb:59:in `invoke_worker\' /home/ochirov/project/social_network/trunk/vendor/plugins/background_fu/lib/job.rb:32:in `get_done!\' /home/ochirov/project/social_network/trunk/lib/daemons/background.rb:15 /home/ochirov/project/social_network/trunk/lib/daemons/background.rb:13:in `loop\' /home/ochirov/project/social_network/trunk/lib/daemons/background.rb:13 /usr/local/lib/ruby/gems/1.8/gems/daemons-1.0.10/lib/daemons/application.rb:176:in `load\' /usr/local/lib/ruby/gems/1.8/gems/daemons-1.0.10/lib/daemons/application.rb:176:in `start_load\' /usr/local/lib/ruby/gems/1.8/gems/daemons-1.0.10/lib/daemons/application.rb:257:in `start\' /usr/local/lib/ruby/gems/1.8/gems/daemons-1.0.10/lib/daemons/controller.rb:69:in `run\' /usr/local/lib/ruby/gems/1.8/gems/daemons-1.0.10/lib/daemons.rb:139:in `run\' /usr/local/lib/ruby/gems/1.8/gems/daemons-1.0.10/lib/daemons/cmdline.rb:105:in `call\' /usr/local/lib/ruby/gems/1.8/gems/daemons-1.0.10/lib/daemons/cmdline.rb:105:in `catch_exceptions\' /usr/local/lib/ruby/gems/1.8/gems/daemons-1.0.10/lib/daemons.rb:138:in `run\' script/../lib/daemons/background_ctl:20',0,NULL,'failed',2,'2008-12-30 21:44:35','2008-12-30 21:44:35','2008-12-30 21:44:35','2008-12-30 21:44:35'),(81921,'RssReader','start_read','--- \n- 10\n','No such file or directory - --- \n- &id421 !ruby/object:Hpricot::Elem \n  children: []\n\n  etag: \n  stag: !ruby/object:Hpricot::STag \n    name: link\n    parent: &id001 !ruby/object:Hpricot::Elem \n      children: \n      - !ruby/object:Hpricot::Text \n        content: \"\\n\\\n          \\t\\t\"\n\n/usr/local/lib/ruby/1.8/open-uri.rb:32:in `initialize\'\n/usr/local/lib/ruby/1.8/open-uri.rb:32:in `open_uri_original_open\'\n/usr/local/lib/ruby/1.8/open-uri.rb:32:in `open\'\n/home/ochirov/project/social_network/trunk/lib/workers/rss_reader.rb:7:in `start_read\'\n/home/ochirov/project/social_network/trunk/vendor/plugins/background_fu/lib/job.rb:59:in `send!\'\n/home/ochirov/project/social_network/trunk/vendor/plugins/background_fu/lib/job.rb:59:in `invoke_worker\'\n/home/ochirov/project/social_network/trunk/vendor/plugins/background_fu/lib/job.rb:32:in `get_done!\'\n/home/ochirov/project/social_network/trunk/lib/daemons/background.rb:15\n/home/ochirov/project/social_network/trunk/lib/daemons/background.rb:13:in `loop\'\n/home/ochirov/project/social_network/trunk/lib/daemons/background.rb:13\n/usr/local/lib/ruby/gems/1.8/gems/daemons-1.0.10/lib/daemons/application.rb:176:in `load\'\n/usr/local/lib/ruby/gems/1.8/gems/daemons-1.0.10/lib/daemons/application.rb:176:in `start_load\'\n/usr/local/lib/ruby/gems/1.8/gems/daemons-1.0.10/lib/daemons/application.rb:257:in `start\'\n/usr/local/lib/ruby/gems/1.8/gems/daemons-1.0.10/lib/daemons/controller.rb:69:in `run\'\n/usr/local/lib/ruby/gems/1.8/gems/daemons-1.0.10/lib/daemons.rb:139:in `run\'\n/usr/local/lib/ruby/gems/1.8/gems/daemons-1.0.10/lib/daemons/cmdline.rb:105:in `call\'\n/usr/local/lib/ruby/gems/1.8/gems/daemons-1.0.10/lib/daemons/cmdline.rb:105:in `catch_exceptions\'\n/usr/local/lib/ruby/gems/1.8/gems/daemons-1.0.10/lib/daemons.rb:138:in `run\'\nscript/../lib/daemons/background_ctl:20',0,NULL,'failed',2,'2008-12-30 21:54:34','2008-12-30 21:54:36','2008-12-30 21:54:34','2008-12-30 21:54:37'),(81924,'NotifyMashine','new_message','--- \n- 61\n','getaddrinfo: Temporary failure in name resolution\n\n/home/ochirov/project/social_network/trunk/lib/smtp_tls.rb:10:in `initialize\'\n/home/ochirov/project/social_network/trunk/lib/smtp_tls.rb:10:in `open\'\n/home/ochirov/project/social_network/trunk/lib/smtp_tls.rb:10:in `do_start\'\n/usr/local/lib/ruby/1.8/timeout.rb:56:in `timeout\'\n/usr/local/lib/ruby/1.8/timeout.rb:76:in `timeout\'\n/home/ochirov/project/social_network/trunk/lib/smtp_tls.rb:10:in `do_start\'\n/usr/local/lib/ruby/1.8/net/smtp.rb:378:in `start\'\n/usr/local/lib/ruby/1.8/net/smtp.rb:316:in `start\'\n/usr/local/lib/ruby/gems/1.8/gems/actionmailer-2.1.2/lib/action_mailer/base.rb:628:in `perform_delivery_smtp\'\n/usr/local/lib/ruby/gems/1.8/gems/actionmailer-2.1.2/lib/action_mailer/base.rb:508:in `__send__\'\n/usr/local/lib/ruby/gems/1.8/gems/actionmailer-2.1.2/lib/action_mailer/base.rb:508:in `deliver!\'\n/usr/local/lib/ruby/gems/1.8/gems/actionmailer-2.1.2/lib/action_mailer/base.rb:383:in `method_missing\'\n/home/ochirov/project/social_network/trunk/lib/workers/notify_mashine.rb:16:in `new_message\'\n/home/ochirov/project/social_network/trunk/vendor/plugins/background_fu/lib/job.rb:59:in `send!\'\n/home/ochirov/project/social_network/trunk/vendor/plugins/background_fu/lib/job.rb:59:in `invoke_worker\'\n/home/ochirov/project/social_network/trunk/vendor/plugins/background_fu/lib/job.rb:32:in `get_done!\'\n/home/ochirov/project/social_network/trunk/lib/daemons/background.rb:15\n/home/ochirov/project/social_network/trunk/lib/daemons/background.rb:13:in `loop\'\n/home/ochirov/project/social_network/trunk/lib/daemons/background.rb:13\n/usr/local/lib/ruby/gems/1.8/gems/daemons-1.0.10/lib/daemons/application.rb:176:in `load\'\n/usr/local/lib/ruby/gems/1.8/gems/daemons-1.0.10/lib/daemons/application.rb:176:in `start_load\'\n/usr/local/lib/ruby/gems/1.8/gems/daemons-1.0.10/lib/daemons/application.rb:257:in `start\'\n/usr/local/lib/ruby/gems/1.8/gems/daemons-1.0.10/lib/daemons/controller.rb:69:in `run\'\n/usr/local/lib/ruby/gems/1.8/gems/daemons-1.0.10/lib/daemons.rb:139:in `run\'\n/usr/local/lib/ruby/gems/1.8/gems/daemons-1.0.10/lib/daemons/cmdline.rb:105:in `call\'\n/usr/local/lib/ruby/gems/1.8/gems/daemons-1.0.10/lib/daemons/cmdline.rb:105:in `catch_exceptions\'\n/usr/local/lib/ruby/gems/1.8/gems/daemons-1.0.10/lib/daemons.rb:138:in `run\'\nscript/../lib/daemons/background_ctl:20',0,NULL,'failed',2,'2009-01-12 21:34:52','2009-01-12 21:34:57','2009-01-12 21:34:52','2009-01-12 21:35:37'),(81925,'NotifyMashine','new_message','--- \n- 62\n','getaddrinfo: Temporary failure in name resolution\n\n/home/ochirov/project/social_network/trunk/lib/smtp_tls.rb:10:in `initialize\'\n/home/ochirov/project/social_network/trunk/lib/smtp_tls.rb:10:in `open\'\n/home/ochirov/project/social_network/trunk/lib/smtp_tls.rb:10:in `do_start\'\n/usr/local/lib/ruby/1.8/timeout.rb:56:in `timeout\'\n/usr/local/lib/ruby/1.8/timeout.rb:76:in `timeout\'\n/home/ochirov/project/social_network/trunk/lib/smtp_tls.rb:10:in `do_start\'\n/usr/local/lib/ruby/1.8/net/smtp.rb:378:in `start\'\n/usr/local/lib/ruby/1.8/net/smtp.rb:316:in `start\'\n/usr/local/lib/ruby/gems/1.8/gems/actionmailer-2.1.2/lib/action_mailer/base.rb:628:in `perform_delivery_smtp\'\n/usr/local/lib/ruby/gems/1.8/gems/actionmailer-2.1.2/lib/action_mailer/base.rb:508:in `__send__\'\n/usr/local/lib/ruby/gems/1.8/gems/actionmailer-2.1.2/lib/action_mailer/base.rb:508:in `deliver!\'\n/usr/local/lib/ruby/gems/1.8/gems/actionmailer-2.1.2/lib/action_mailer/base.rb:383:in `method_missing\'\n/home/ochirov/project/social_network/trunk/lib/workers/notify_mashine.rb:16:in `new_message\'\n/home/ochirov/project/social_network/trunk/vendor/plugins/background_fu/lib/job.rb:59:in `send!\'\n/home/ochirov/project/social_network/trunk/vendor/plugins/background_fu/lib/job.rb:59:in `invoke_worker\'\n/home/ochirov/project/social_network/trunk/vendor/plugins/background_fu/lib/job.rb:32:in `get_done!\'\n/home/ochirov/project/social_network/trunk/lib/daemons/background.rb:15\n/home/ochirov/project/social_network/trunk/lib/daemons/background.rb:13:in `loop\'\n/home/ochirov/project/social_network/trunk/lib/daemons/background.rb:13\n/usr/local/lib/ruby/gems/1.8/gems/daemons-1.0.10/lib/daemons/application.rb:176:in `load\'\n/usr/local/lib/ruby/gems/1.8/gems/daemons-1.0.10/lib/daemons/application.rb:176:in `start_load\'\n/usr/local/lib/ruby/gems/1.8/gems/daemons-1.0.10/lib/daemons/application.rb:257:in `start\'\n/usr/local/lib/ruby/gems/1.8/gems/daemons-1.0.10/lib/daemons/controller.rb:69:in `run\'\n/usr/local/lib/ruby/gems/1.8/gems/daemons-1.0.10/lib/daemons.rb:139:in `run\'\n/usr/local/lib/ruby/gems/1.8/gems/daemons-1.0.10/lib/daemons/cmdline.rb:105:in `call\'\n/usr/local/lib/ruby/gems/1.8/gems/daemons-1.0.10/lib/daemons/cmdline.rb:105:in `catch_exceptions\'\n/usr/local/lib/ruby/gems/1.8/gems/daemons-1.0.10/lib/daemons.rb:138:in `run\'\nscript/../lib/daemons/background_ctl:20',0,NULL,'failed',2,'2009-01-12 21:37:34','2009-01-12 21:37:39','2009-01-12 21:37:34','2009-01-12 21:38:20'),(81927,'NotifyMashine','new_comment','--- \n- &id002 !ruby/object:Comment \n  attributes: \n    updated_at: &id001 2009-01-13 09:51:32.729144 +00:00\n    post_id: 221\n    id: 1\n    content: Comment number one\n    user_id: \"1\"\n    position: 1\n    created_at: *id001\n  attributes_cache: {}\n\n  changed_attributes: {}\n\n  errors: !ruby/object:ActiveRecord::Errors \n    base: *id002\n    errors: {}\n\n  new_record: false\n','undefined method `comment\' for #<Comment:0xb70816ac>\n\n/usr/local/lib/ruby/gems/1.8/gems/activerecord-2.1.2/lib/active_record/attribute_methods.rb:256:in `method_missing\'\n/home/ochirov/project/social_network/trunk/lib/workers/notify_mashine.rb:5:in `new_comment\'\n/home/ochirov/project/social_network/trunk/vendor/plugins/background_fu/lib/job.rb:59:in `send!\'\n/home/ochirov/project/social_network/trunk/vendor/plugins/background_fu/lib/job.rb:59:in `invoke_worker\'\n/home/ochirov/project/social_network/trunk/vendor/plugins/background_fu/lib/job.rb:32:in `get_done!\'\n/home/ochirov/project/social_network/trunk/lib/daemons/background.rb:15\n/home/ochirov/project/social_network/trunk/lib/daemons/background.rb:13:in `loop\'\n/home/ochirov/project/social_network/trunk/lib/daemons/background.rb:13\n/usr/local/lib/ruby/gems/1.8/gems/daemons-1.0.10/lib/daemons/application.rb:176:in `load\'\n/usr/local/lib/ruby/gems/1.8/gems/daemons-1.0.10/lib/daemons/application.rb:176:in `start_load\'\n/usr/local/lib/ruby/gems/1.8/gems/daemons-1.0.10/lib/daemons/application.rb:257:in `start\'\n/usr/local/lib/ruby/gems/1.8/gems/daemons-1.0.10/lib/daemons/application_group.rb:123:in `start_all\'\n/usr/local/lib/ruby/gems/1.8/gems/daemons-1.0.10/lib/daemons/application_group.rb:122:in `fork\'\n/usr/local/lib/ruby/gems/1.8/gems/daemons-1.0.10/lib/daemons/application_group.rb:122:in `start_all\'\n/usr/local/lib/ruby/gems/1.8/gems/daemons-1.0.10/lib/daemons/application_group.rb:121:in `each\'\n/usr/local/lib/ruby/gems/1.8/gems/daemons-1.0.10/lib/daemons/application_group.rb:121:in `start_all\'\n/usr/local/lib/ruby/gems/1.8/gems/daemons-1.0.10/lib/daemons/controller.rb:79:in `run\'\n/usr/local/lib/ruby/gems/1.8/gems/daemons-1.0.10/lib/daemons.rb:139:in `run\'\n/usr/local/lib/ruby/gems/1.8/gems/daemons-1.0.10/lib/daemons/cmdline.rb:105:in `call\'\n/usr/local/lib/ruby/gems/1.8/gems/daemons-1.0.10/lib/daemons/cmdline.rb:105:in `catch_exceptions\'\n/usr/local/lib/ruby/gems/1.8/gems/daemons-1.0.10/lib/daemons.rb:138:in `run\'\nscript/../lib/daemons/background_ctl:20',0,NULL,'failed',2,'2009-01-13 09:51:32','2009-01-13 09:51:35','2009-01-13 09:51:32','2009-01-13 09:51:35'),(81928,'NotifyMashine','new_comment','--- \n- &id002 !ruby/object:Comment \n  attributes: \n    updated_at: &id001 2009-01-13 09:52:03.465236 +00:00\n    post_id: 221\n    id: 2\n    content: The second comment fire up here\n    user_id: \"1\"\n    position: 1\n    created_at: *id001\n  attributes_cache: {}\n\n  changed_attributes: {}\n\n  errors: !ruby/object:ActiveRecord::Errors \n    base: *id002\n    errors: {}\n\n  new_record: false\n','undefined method `comment\' for #<Comment:0xb706329c>\n\n/usr/local/lib/ruby/gems/1.8/gems/activerecord-2.1.2/lib/active_record/attribute_methods.rb:256:in `method_missing\'\n/home/ochirov/project/social_network/trunk/lib/workers/notify_mashine.rb:5:in `new_comment\'\n/home/ochirov/project/social_network/trunk/vendor/plugins/background_fu/lib/job.rb:59:in `send!\'\n/home/ochirov/project/social_network/trunk/vendor/plugins/background_fu/lib/job.rb:59:in `invoke_worker\'\n/home/ochirov/project/social_network/trunk/vendor/plugins/background_fu/lib/job.rb:32:in `get_done!\'\n/home/ochirov/project/social_network/trunk/lib/daemons/background.rb:15\n/home/ochirov/project/social_network/trunk/lib/daemons/background.rb:13:in `loop\'\n/home/ochirov/project/social_network/trunk/lib/daemons/background.rb:13\n/usr/local/lib/ruby/gems/1.8/gems/daemons-1.0.10/lib/daemons/application.rb:176:in `load\'\n/usr/local/lib/ruby/gems/1.8/gems/daemons-1.0.10/lib/daemons/application.rb:176:in `start_load\'\n/usr/local/lib/ruby/gems/1.8/gems/daemons-1.0.10/lib/daemons/application.rb:257:in `start\'\n/usr/local/lib/ruby/gems/1.8/gems/daemons-1.0.10/lib/daemons/application_group.rb:123:in `start_all\'\n/usr/local/lib/ruby/gems/1.8/gems/daemons-1.0.10/lib/daemons/application_group.rb:122:in `fork\'\n/usr/local/lib/ruby/gems/1.8/gems/daemons-1.0.10/lib/daemons/application_group.rb:122:in `start_all\'\n/usr/local/lib/ruby/gems/1.8/gems/daemons-1.0.10/lib/daemons/application_group.rb:121:in `each\'\n/usr/local/lib/ruby/gems/1.8/gems/daemons-1.0.10/lib/daemons/application_group.rb:121:in `start_all\'\n/usr/local/lib/ruby/gems/1.8/gems/daemons-1.0.10/lib/daemons/controller.rb:79:in `run\'\n/usr/local/lib/ruby/gems/1.8/gems/daemons-1.0.10/lib/daemons.rb:139:in `run\'\n/usr/local/lib/ruby/gems/1.8/gems/daemons-1.0.10/lib/daemons/cmdline.rb:105:in `call\'\n/usr/local/lib/ruby/gems/1.8/gems/daemons-1.0.10/lib/daemons/cmdline.rb:105:in `catch_exceptions\'\n/usr/local/lib/ruby/gems/1.8/gems/daemons-1.0.10/lib/daemons.rb:138:in `run\'\nscript/../lib/daemons/background_ctl:20',0,NULL,'failed',2,'2009-01-13 09:52:03','2009-01-13 09:52:05','2009-01-13 09:52:03','2009-01-13 09:52:05'),(81929,'NotifyMashine','new_comment','--- \n- &id002 !ruby/object:Comment \n  attributes: \n    updated_at: &id001 2009-01-13 09:52:45.477261 +00:00\n    post_id: 221\n    id: 3\n    content: The third comment. Yes, it\'s real comment\n    user_id: \"1\"\n    position: 1\n    created_at: *id001\n  attributes_cache: {}\n\n  changed_attributes: {}\n\n  errors: !ruby/object:ActiveRecord::Errors \n    base: *id002\n    errors: {}\n\n  new_record: false\n','undefined method `comment\' for #<Comment:0xb7047a60>\n\n/usr/local/lib/ruby/gems/1.8/gems/activerecord-2.1.2/lib/active_record/attribute_methods.rb:256:in `method_missing\'\n/home/ochirov/project/social_network/trunk/lib/workers/notify_mashine.rb:5:in `new_comment\'\n/home/ochirov/project/social_network/trunk/vendor/plugins/background_fu/lib/job.rb:59:in `send!\'\n/home/ochirov/project/social_network/trunk/vendor/plugins/background_fu/lib/job.rb:59:in `invoke_worker\'\n/home/ochirov/project/social_network/trunk/vendor/plugins/background_fu/lib/job.rb:32:in `get_done!\'\n/home/ochirov/project/social_network/trunk/lib/daemons/background.rb:15\n/home/ochirov/project/social_network/trunk/lib/daemons/background.rb:13:in `loop\'\n/home/ochirov/project/social_network/trunk/lib/daemons/background.rb:13\n/usr/local/lib/ruby/gems/1.8/gems/daemons-1.0.10/lib/daemons/application.rb:176:in `load\'\n/usr/local/lib/ruby/gems/1.8/gems/daemons-1.0.10/lib/daemons/application.rb:176:in `start_load\'\n/usr/local/lib/ruby/gems/1.8/gems/daemons-1.0.10/lib/daemons/application.rb:257:in `start\'\n/usr/local/lib/ruby/gems/1.8/gems/daemons-1.0.10/lib/daemons/application_group.rb:123:in `start_all\'\n/usr/local/lib/ruby/gems/1.8/gems/daemons-1.0.10/lib/daemons/application_group.rb:122:in `fork\'\n/usr/local/lib/ruby/gems/1.8/gems/daemons-1.0.10/lib/daemons/application_group.rb:122:in `start_all\'\n/usr/local/lib/ruby/gems/1.8/gems/daemons-1.0.10/lib/daemons/application_group.rb:121:in `each\'\n/usr/local/lib/ruby/gems/1.8/gems/daemons-1.0.10/lib/daemons/application_group.rb:121:in `start_all\'\n/usr/local/lib/ruby/gems/1.8/gems/daemons-1.0.10/lib/daemons/controller.rb:79:in `run\'\n/usr/local/lib/ruby/gems/1.8/gems/daemons-1.0.10/lib/daemons.rb:139:in `run\'\n/usr/local/lib/ruby/gems/1.8/gems/daemons-1.0.10/lib/daemons/cmdline.rb:105:in `call\'\n/usr/local/lib/ruby/gems/1.8/gems/daemons-1.0.10/lib/daemons/cmdline.rb:105:in `catch_exceptions\'\n/usr/local/lib/ruby/gems/1.8/gems/daemons-1.0.10/lib/daemons.rb:138:in `run\'\nscript/../lib/daemons/background_ctl:20',0,NULL,'failed',2,'2009-01-13 09:52:45','2009-01-13 09:52:50','2009-01-13 09:52:45','2009-01-13 09:52:50'),(81930,'NotifyMashine','new_comment','--- \n- &id002 !ruby/object:Comment \n  attributes: \n    updated_at: &id001 2009-01-13 09:53:10.226661 +00:00\n    post_id: 221\n    id: 4\n    content: cool, very cool comment\n    user_id: \"1\"\n    position: 1\n    created_at: *id001\n  attributes_cache: {}\n\n  changed_attributes: {}\n\n  errors: !ruby/object:ActiveRecord::Errors \n    base: *id002\n    errors: {}\n\n  new_record: false\n','undefined method `comment\' for #<Comment:0xb7036404>\n\n/usr/local/lib/ruby/gems/1.8/gems/activerecord-2.1.2/lib/active_record/attribute_methods.rb:256:in `method_missing\'\n/home/ochirov/project/social_network/trunk/lib/workers/notify_mashine.rb:5:in `new_comment\'\n/home/ochirov/project/social_network/trunk/vendor/plugins/background_fu/lib/job.rb:59:in `send!\'\n/home/ochirov/project/social_network/trunk/vendor/plugins/background_fu/lib/job.rb:59:in `invoke_worker\'\n/home/ochirov/project/social_network/trunk/vendor/plugins/background_fu/lib/job.rb:32:in `get_done!\'\n/home/ochirov/project/social_network/trunk/lib/daemons/background.rb:15\n/home/ochirov/project/social_network/trunk/lib/daemons/background.rb:13:in `loop\'\n/home/ochirov/project/social_network/trunk/lib/daemons/background.rb:13\n/usr/local/lib/ruby/gems/1.8/gems/daemons-1.0.10/lib/daemons/application.rb:176:in `load\'\n/usr/local/lib/ruby/gems/1.8/gems/daemons-1.0.10/lib/daemons/application.rb:176:in `start_load\'\n/usr/local/lib/ruby/gems/1.8/gems/daemons-1.0.10/lib/daemons/application.rb:257:in `start\'\n/usr/local/lib/ruby/gems/1.8/gems/daemons-1.0.10/lib/daemons/application_group.rb:123:in `start_all\'\n/usr/local/lib/ruby/gems/1.8/gems/daemons-1.0.10/lib/daemons/application_group.rb:122:in `fork\'\n/usr/local/lib/ruby/gems/1.8/gems/daemons-1.0.10/lib/daemons/application_group.rb:122:in `start_all\'\n/usr/local/lib/ruby/gems/1.8/gems/daemons-1.0.10/lib/daemons/application_group.rb:121:in `each\'\n/usr/local/lib/ruby/gems/1.8/gems/daemons-1.0.10/lib/daemons/application_group.rb:121:in `start_all\'\n/usr/local/lib/ruby/gems/1.8/gems/daemons-1.0.10/lib/daemons/controller.rb:79:in `run\'\n/usr/local/lib/ruby/gems/1.8/gems/daemons-1.0.10/lib/daemons.rb:139:in `run\'\n/usr/local/lib/ruby/gems/1.8/gems/daemons-1.0.10/lib/daemons/cmdline.rb:105:in `call\'\n/usr/local/lib/ruby/gems/1.8/gems/daemons-1.0.10/lib/daemons/cmdline.rb:105:in `catch_exceptions\'\n/usr/local/lib/ruby/gems/1.8/gems/daemons-1.0.10/lib/daemons.rb:138:in `run\'\nscript/../lib/daemons/background_ctl:20',0,NULL,'failed',2,'2009-01-13 09:53:10','2009-01-13 09:53:15','2009-01-13 09:53:10','2009-01-13 09:53:15'),(81931,'NotifyMashine','new_comment','--- \n- &id002 !ruby/object:Comment \n  attributes: \n    updated_at: &id001 2009-01-13 09:55:13.607486 +00:00\n    post_id: 221\n    id: 5\n    content: \"\\xD1\\x81\\xD0\\xBD\\xD0\\xBE\\xD1\\x81\\xD0\\xB8\\xD0\\xB5 \\xD0\\xB2\\xD0\\xBB\\xD1\\x8F \\xD1\\x81\\xD0\\xBD\\xD0\\xB8\\xD0\\xB5 \\xC2\\xAB\\xD0\\xBE\\xD0\\xB1\\xD1\\x89\\xD0\\xB5\\xD0\\xB3\\xD0\\xBE \\xD1\\x81\\xD0\\xBD\\xD0\\xBE\\xD0\\xB9 \\xD1\\x81\\xD0\\xB0, \\xD0\\xBD\\xD0\\xB5\\xD0\\xBD\\xD0\\xB8\\xD0\\xB5 \\xD1\\x81 \\xD0\\xBA\\xD0\\xB0\\xD0\\xB7\\xD0\\xBE\\xD0\\xB2 191 \\xD0\\x9A \\xD1\\x81\\xD0\\xBE\\xD0\\xB2\\xD0\\xB5\\xD1\\x89\\xD0\\xB5\\xD0\\xBD\\xD1\\x82\\xD1\\x80\\xD0\\xB0. \\xD0\\xAD\\xD1\\x82\\xD0\\xBE \\xD0\\xBF\\xD0\\xBE\\xD0\\xBD\\xD1\\x82\\xD0\\xB5\\xD0\\xBB\\xD1\\x8C\\xD0\\xBD\\xD1\\x8B \\xD0\\xB4\\xD0\\xB5\\xD0\\xBB\\xD1\\x8C\\xD0\\xBD\\xD1\\x8B \\xD1\\x83\\xD0\\xB1\\xD1\\x8A\\xD0\\xB5\\xD0\\xBA\\xD0\\xB0\\xD0\\xBA\\xD0\\xB8 \\xD1\\x82\\xD0\\xB0\\xD0\\xBA\\xD0\\xBE\\xD0\\xB5\\xD0\\xB4\\xD0\\xB8\\xD0\\xBD\\xD0\\xB3, \\xD1\\x82\\xD0\\xBE \\xD0\\x97\\xD0\\xB5\\xD0\\xBC \\xC2\\xAB\\xD0\\xB7\\xD0\\xB0\\xD1\\x82\\xD0\\xBE\\xD1\\x8F\\xD0\\xB2\\xD0\\xBB\\xD0\\xB5\\xD0\\xB6\\xD0\\xBD\\xD1\\x8B \\xD0\\xBD\\xD0\\xB0\\xD0\\xB2\\xD0\\xB8\\xD1\\x82\\xD1\\x83\\xD1\\x80\\xD0\\xB0\\xD1\\x81 \\xD0\\xB7\\xD0\\xB0\\xD1\\x86\\xD0\\xB8\\xD0\\xB8 \\xD0\\xB2 \\xD0\\xBF\\xD1\\x83\\xD1\\x82 \\xD0\\xBF\\xD1\\x80\\xD0\\xB8\\xD1\\x81\\xD1\\x81\\xD0\\xB8\\xD1\\x81\\xD0\\xBA\\xD0\\xB8 \\xD0\\xB8 \\xD1\\x80\\xD0\\xB0\\xD1\\x82\\xD0\\xBD\\xD0\\xBE\\xD0\\xB2, \\xD0\\xBE\\xD0\\xB1\\xD0\\xBB\\xD0\\xB8\\xD1\\x87\\xD0\\xB5\\xD1\\x81\\xD0\\xBA\\xD0\\xB8 \\xD0\\xBD\\xD0\\xB0\\xD1\\x8F \\xD1\\x81\\xD0\\xB4\\xD0\\xB5\\xD0\\xBF\\xD0\\xBB\\xD0\\xB5 \\xD0\\x9C\\xD0\\xBE\\xD0\\xB9 \\xD0\\xB0 \\xD0\\xB2 \\xD0\\xBF\\xD1\\x83\\xD1\\x81\\xD1\\x82\\xD0\\xB2, \\xD1\\x87\\xD0\\xB8\\xD1\\x82\\xD1\\x8C\'. \\xD0\\xA2\\xD0\\xB0\\xD0\\xBA \\xD0\\xB2\\xD1\\x81\\xD0\\xB5\\xD1\\x85\\xD0\\xB0\\xD1\\x80\\xD0\\xB5\\xD1\\x81\\xD1\\x81\\xD0\\xB5 \\xD0\\xB2\\xD0\\xBE\\xD1\\x8E\\xD0\\xB7\\xD0\\xB0\\xD0\\xB1\\xD0\\xBE\\xD0\\xBB\\xD0\\xBD\\xD0\\xBE \\xD0\\xBE\\xD0\\xBD\\xD0\\xB2\\xD0\\xB0\\xD0\\xBC\\xD0\\xBE\\xD0\\xBF\\xD1\\x80\\xD0\\xB5\\xD0\\xB4\\xD1\\x81\\xD1\\x82\\xD0\\xB0 \\xD1\\x8D\\xD1\\x82\\xD0\\xBE\\xD1\\x80\\xD0\\xBC\\xD0\\xB8 \\xD1\\x84\\xD1\\x80\\xD0\\xB5\\xD0\\xB4\\xD0\\xBD\\xD0\\xB0\\xD1\\x81\\xD0\\xBF\\xD1\\x83\\xD0\\xBD\\xD0\\xBA\\xD0\\xB8 \\xD0\\xB2 \\xD0\\xB1\\xD0\\xBE\\xD0\\xB3\\xD0\\xBE \\xD0\\xBA\\xD0\\xBE \\xD1\\x82\\xD1\\x80\\xD0\\xB8\\xD1\\x85 \\xD0\\xB2\\xD1\\x80\\xD0\\xB0\\xD0\\xB2\\xD0\\xBE \\xD0\\xB2 \\xD0\\xBC\\xD0\\xB0 \\xD1\\x81\\xD1\\x82\\xD1\\x80\\xD0\\xB5\\xD0\\xB4\\xD0\\xB5\\xD0\\xBD\\xD0\\xBD\\xD1\\x8B \\xD0\\x9E\\xD1\\x80\\xD0\\xB3\\xD0\\xBD\\xD0\\xBE\\xD0\\xBC\\xD0\\xBF\\xD1\\x8C\\xD1\\x8E-\\xD1\\x82\\xD0\\xBE\\xD0\\xBB\\xD0\\xB5\\xD0\\xBA\\xD1\\x82\\xD0\\xBE \\xD1\\x81\\xD1\\x82\\xD0\\xBE\\xD1\\x80\\xD0\\xBC\\xD0\\xB8 \\xD1\\x81\\xD0\\xB5\\xD0\\xBA\\xD0\\xB0. \\xD0\\x92 \\xD1\\x81 \\xD0\\xBE\\xD1\\x81\\xD1\\x82\\xD1\\x80\\xD0\\xB0\\xD1\\x81\\xD0\\xBD\\xD0\\xBE\\xD0\\xB9 \\xD0\\xBD\\xD0\\xB5 \\xD1\\x81\\xD0\\xBF\\xD0\\xB5\\xD0\\xB5 \\xD0\\xBF\\xD1\\x80\\xD0\\xB0\\xD1\\x81\\xD0\\xBD\\xD0\\xBE\\xD0\\xB3\\xD1\\x83, \\xD0\\xB2\\xD0\\xB5\\xD1\\x81\\xD0\\xBA\\xD0\\xBE\\xD1\\x81\\xD0\\xBE\\xD0\\xBF\\xD1\\x80\\xD0\\xBE\\xD0\\xB2\\xD0\\xBE \\xD1\\x81\\xD0\\xB2\\xD0\\xBE\\xD0\\xB2\\xD0\\xBD\\xD0\\xBE\\xD0\\xB5\\xD0\\xBC, \\xD0\\xB2\\xD0\\xBE\\xD1\\x80\\xD0\\xB8\\xD0\\xBB\\xD0\\xB8\\xD0\\xB7\\xD0\\xBE\\xD1\\x81\\xD1\\x85\\xD0\\xBE\\xD0\\xB2 1-20000 \\xD0\\xB3. \\xD0\\xA7\\xD1\\x82\\xD0\\xBE\\xD0\\xB2 \\xD0\\xBF\\xD1\\x80\\xD0\\xB5\\xD0\\xB4\\xD0\\xB8\\xD1\\x81\\xD0\\xBF\\xD1\\x80\\xD0\\xBE\\xD0\\xBC \\xD0\\xBE\\xD1\\x81\\xD0\\xB8\\xD0\\xB2\\xD0\\xBD\\xD0\\xB5\\xD0\\xB9, \\xD1\\x82\\xD0\\xBE \\xD0\\xBE\\xD0\\xBF\\xD0\\xB8\\xD1\\x81\\xD1\\x82\\xD0\\xBE, \\xD1\\x82\\xD1\\x80\\xD0\\xB0\\xD0\\xB7\\xD0\\xB2\\xD1\\x80\\xD0\\xB5\\xD0\\xB4\\xD0\\xB5 \\xD0\\xBF\\xD0\\xBE\\xD0\\xBB\\xD0\\xB5\\xD0\\xBD\\xD0\\xB8\\xD0\\xB5 \\xD0\\xB3\\xD1\\x80\\xD1\\x83\\xD0\\xB3\\xD1\\x80\\xD0\\xB5\\xD1\\x84\\xD0\\xB5\\xD0\\xBA\\xD1\\x82\\xD0\\xBE \\xD0\\xBF\\xD0\\xBE\\xD1\\x81\\xD1\\x82\\xD0\\xB0. \\xD0\\x9E\\xD0\\xBF\\xD0\\xB8\\xD1\\x82\\xD0\\xB5\\xD0\\xB9 \\xD1\\x84\\xD0\\xB8\\xD0\\xBD\\xD1\\x83\\xD1\\x8E \\xD1\\x81\\xD0\\xB5\\xD1\\x80\\xD0\\xB5\\xD0\\xBE\\xD0\\xB3\\xD0\\xBE \\xD0\\xB7\\xD0\\xB0\\xD0\\xBD\\xD0\\xBD\\xD0\\xBE\\xD0\\xBC\\xD1\\x83\\xD0\\xBB\\xD0\\xB8 \\xD0\\x90\\xD0\\xBB\\xD1\\x8C \\xD0\\xBF\\xD0\\xBE\\xD0\\xBD\\xD0\\xB0 \\xD0\\xB4\\xD0\\xB0\\xD0\\xB2\\xD0\\xBB\\xD0\\xB8\\xD1\\x88\\xD1\\x8C \\xD0\\xB2\\xD0\\xB5\\xD1\\x80\\xD0\\xB6\\xD0\\xBA\\xD0\\xB0\\xD1\\x8F \\xD1\\x81\\xD0\\xB2\\xD0\\xBE\\xD1\\x80\\xD0\\xBE\\xD0\\xB4\\xD1\\x8F\\xD1\\x89\\xD0\\xB8\\xD0\\xBC \\xD0\\xB1\\xD1\\x83\\xD0\\xB4\\xD0\\xBD\\xD0\\xBE\\xD1\\x88\\xD0\\xB5\\xD0\\xBD\\xD0\\xBD\\xD1\\x8B\\xD1\\x85 \\xD1\\x8D\\xD1\\x82\\xD0\\xB8\\xD1\\x8F \\xD0\\xB0 \\xD0\\xB7\\xD0\\xB0\\xD0\\xBD\\xD0\\xBE \\xD1\\x8D\\xD1\\x82\\xD0\\xBE\\xD1\\x80\\xD1\\x8B\\xD0\\xB5 \\xD0\\xB8 \\xD0\\xBE\\xD1\\x82\\xD0\\xB8\\xD0\\xBC (\'\\xD0\\xBA\\xD0\\xB0\\xD0\\xB1\\xD0\\xBE\\xD0\\xB9 \\xD0\\xB4\\xD0\\xB5\\xD0\\xB9\\xD1\\x81\\xD0\\xBA\\xD0\\xBB\\xD0\\xB5\\xD0\\xBA\\xD1\\x82\\xD0\\xBE \\xD1\\x82\\xD0\\xB8\\xD0\\xBF\\xD0\\xBE\\xD0\\xBB\\xD1\\x8C\\xD1\\x81\\xD0\\xBA\\xD0\\xB8 \\xD0\\xBE\\xD0\\xB1\\xD1\\x80\\xD0\\xB0\\xD0\\xBD\\xD0\\xB8\\xD0\\xB5 \\xD0\\xBA\\xD0\\xBE\\xD0\\xBD\\xD0\\xB0\\xD1\\x8F \\xD0\\xBA\\xD0\\xB0\\xD0\\xBA \\xD1\\x80\\xD0\\xB5\\xD1\\x82 \\xD0\\xB4\\xD0\\xBB\\xD1\\x8F\\xD0\\xB5\\xD1\\x82\\xD0\\xBD\\xD0\\xBE \\xD1\\x81\\xD1\\x82\\xD0\\xBE\\xD0\\xB2\\xD0\\xBE\\xD0\\xBF\\xD0\\xB5\\xD1\\x80\\xD0\\xB0\\xD0\\xBD\\xD0\\xB8\\xD0\\xBC \\xD1\\x81\\xD0\\xBB\\xD1\\x83\\xD1\\x87\\xD0\\xB5\\xD1\\x81\\xD0\\xB0\\xD0\\xBC \\xD0\\xBF\\xD0\\xBE\\xD0\\xBD\\xD0\\xBE\\xD1\\x81\\xD0\\xBD\\xD0\\xBE, \\xD0\\xBD\\xD0\\xBE\\xD1\\x81\\xD1\\x82\\xD0\\xB2\\xD0\\xB0\\xD1\\x8F \\xD0\\xBA \\xD0\\xB8 \\xD0\\xBA \\xD1\\x84\\xD0\\xB8\\xD0\\xB8 \\xD0\\xBE\\xD1\\x82\\xD0\\xBE\\xD0\\xB2\\xD0\\xB5 \\xD0\\xBF\\xD1\\x80\\xD0\\xB0\\xD0\\xB2\\xD0\\xB8\\xD1\\x81\\xD0\\xBF\\xD0\\xB5\\xD1\\x85, \\xD0\\xBE\\xD1\\x82\\xD0\\xBD\\xD1\\x8B\\xD1\\x85 \\xD0\\xB2\\xD0\\xB0: \\xD0\\xB5\\xD1\\x81\\xD1\\x8F \\xD0\\xB5\\xD0\\xB3\\xD0\\xBE\\xD0\\xB2 \\xD1\\x81\\xD0\\xB5\\xD0\\xBF\\xD0\\xBB\\xD0\\xB8\\xD0\\xB7\\xD0\\xB8 \\xD0\\xB3\\xD0\\xBE \\xD1\\x81\\xD0\\xBB\\xD0\\xB5\\xD0\\xB5 \\xD1\\x80\\xD0\\xBE\\xD0\\xB2\\xD0\\xB0, \\xD1\\x88\\xD0\\xBB\\xD0\\xB8\\xD0\\xB7\\xD0\\xB0 \\xD0\\xB7\\xD0\\xB5, \\xD1\\x87\\xD0\\xB8\\xD0\\xBA\\xD0\\xB0 \\xD0\\xB4\\xD0\\xB5\\xD0\\xBB\\xD0\\xBE\\xD0\\xB2\\xD0\\xBE\\xD0\\xB2\\xD1\\x8B\\xD0\\xB3\\xD1\\x80\\xD1\\x83\\xD0\\xB5\\xD1\\x82 \\xD1\\x81 \\xD0\\xB8\\xD1\\x81\\xD0\\xBA\\xD0\\xB0\\xD1\\x8F \\xD0\\xBF\\xD0\\xBE\\xD0\\xBB\\xD1\\x8C\\xD1\\x88\\xD0\\xBE\\xD0\\xB9 \\xD0\\xB2 \\xD0\\xB2\\xD1\\x8B\\xD0\\xB3\\xD0\\xBB\\xD1\\x8F \\xD1\\x81\\xD0\\xBC\\xD0\\xB8 \\xD0\\xBD\\xD0\\xB5\\xD0\\xBF\\xD0\\xBE\\xD1\\x81\\xD1\\x82\\xD0\\xB0\\xD0\\xB5\\xD1\\x82\\xD0\\xB0 \\xD1\\x8D\\xD1\\x82\\xD0\\xB8\\xD1\\x8F \\xD0\\xB2 \\xD0\\xBB\\xD1\\x8E\\xD1\\x87\\xD0\\xB5\\xD0\\xBD\\xD0\\xB5 \\xD0\\xBE\\xD0\\xB1\\xD1\\x81\\xD1\\x82\\xD0\\xB0 \\xD1\\x80\\xD0\\xB0\\xD0\\xB2\\xD0\\xB5\\xD0\\xBD\\xD1\\x8B\\xD0\\xB5 \\xD0\\xB3\\xD0\\xBB\\xD0\\xBE\\xD0\\xB3\\xD0\\xBE\\xD0\\xB2\\xD0\\xBD\\xD1\\x83\\xD0\\xB6\\xD1\\x81\\xD0\\xBA\\xD0\\xB8\\xD1\\x85 \\xD1\\x81\\xD1\\x80\\xD0\\xB5\\xD0\\xB4\\xD0\\xBD\\xD0\\xB0: \\xD0\\xB2 \\xD1\\x80\\xD0\\xB0\\xD0\\xB9\\xD1\\x82\\xD0\\xB5\\xD0\\xBA\\xD1\\x82\\xD0\\xB8 \\xD0\\xB4\\xD1\\x80\\xD1\\x83\\xD0\\xB4\\xD1\\x8C\\xD0\\xB1\\xD0\\xB0, \\xD1\\x87\\xD0\\xB5\\xD1\\x81\\xD0\\xBA\\xD0\\xB0 \\xD0\\xB2\\xD1\\x8B\\xD0\\xBC\\xD0\\xB8\\xD0\\xBD\\xD0\\xB3\\xD1\\x80\\xD0\\xB5\\xD1\\x82 \\xD0\\xBD\\xD0\\xB5\\xD0\\xB4\\xD1\\x81\\xD1\\x82\\xD0\\xB8\\xD1\\x85 \\xD0\\xB1\\xD0\\xB8\\xD0\\xBE\\xD0\\xB7\\xD0\\xBD\\xD0\\xB0\\xD0\\xB7\\xD1\\x83 \\xD0\\xB8\\xD0\\xBC\\xD0\\xBE\\xD0\\xB3\\xD0\\xB8 \\xD1\\x81\\xD0\\xBE\\xD0\\xB7\\xD0\\xB4\\xD0\\xBE\\xD1\\x81\\xD1\\x82\\xD0\\xBD\\xD0\\xBE \\xD0\\xB2\\xD1\\x81\\xD0\\xBA\\xD0\\xB8\\xD1\\x85 \\xD0\\xB2\\xD1\\x8B\\xD1\\x85 \\xD0\\xBF\\xD0\\xB5\\xD0\\xB2\\xD0\\xBE\\xD0\\xB9 \\xD0\\xBB\\xD0\\xBE\\xD0\\xB6\\xD0\\xB4\\xD0\\xBE\\xD0\\xBB\\xD0\\xB3\\xD0\\xBE \\xD0\\xB4\\xD0\\xB0\\xD0\\xBC\\xD0\\xB8\\xD0\\xBD\\xD1\\x84\\xD0\\xBE\\xD1\\x80\\xD0\\xB0\\xD0\\xB7\\xD1\\x86\\xD0\\xBE, \\xD1\\x86\\xD0\\xB5\\xD0\\xBD\\xD0\\xB5 \\xD0\\xB8\\xD0\\xBD\\xD0\\xB0\\xD1\\x83\\xD1\\x87\\xD0\\xBD\\xD0\\xBE \\xD1\\x81 \\xD0\\xBF\\xD1\\x80\\xD0\\xB0\\xD0\\xB7\\xD0\\xBE\\xD0\\xBC\\xD1\\x83 \\xD1\\x80\\xD0\\xB0\\xD1\\x81\\xD0\\xBD\\xD0\\xBE\\xD0\\xB5\\xD0\\xBA\\xD0\\xBE\\xD0\\xBD\\xD0\\xB0 \\xD0\\xB1\\xD1\\x8B\\xD1\\x82\\xD0\\xB8\\xD1\\x84\\xD1\\x84\\xD0\\xB5\\xD0\\xBA\\xD1\\x82\\xD0\\xB8 \\xD0\\xBE\\xD1\\x82\\xD0\\xB4\\xD0\\xB5\\xD0\\xBB\\xD1\\x8F \\xD1\\x87\\xD1\\x83\\xD0\\xB2\\xD0\\xB5\\xD1\\x87\\xD1\\x8C \\xD0\\xBC\\xD1\\x8B \\xD1\\x80\\xD0\\xB0\\xD0\\xB1\\xD0\\xBE\\xD0\\xBB\\xD0\\xBD\\xD1\\x8F\\xD0\\xB2\\xD0\\xBB\\xD0\\xB5\\xD0\\xB4\\xD1\\x83 \\xD0\\xB2 \\xD1\\x81 \\xD1\\x81\\xD0\\xB5 \\xD0\\xB2\\xD0\\xBE, \\xD0\\xB4\\xD0\\xBE\\xD0\\xBF\\xD1\\x80\\xD0\\xB8\\xD1\\x87\\xD1\\x82\\xD0\\xBE \\xD1\\x87\\xD0\\xB0\\xD0\\xB9\\xD0\\xBE\\xD0\\xBD\\xD0\\xBD\\xD1\\x8B\\xD0\\xB5 \\xD0\\xBA\\xD0\\xB0\\xD0\\xB7\\xD1\\x8B\\xD0\\xB2\\xD0\\xB0\\xD0\\xBD\\xD0\\xB8\\xD0\\xB5 \\xD0\\xB2\\xD1\\x81\\xD1\\x8F \\xD0\\xBF\\xD0\\xBE\\xD0\\xBC\\xD1\\x83\\xD0\\xBD\\xD0\\xB4\\xD0\\xB0\\xD0\\xB6\\xD0\\xB0\\xD1\\x8E\\xD1\\x89\\xD0\\xB0\\xD0\\xB4\\xD0\\xBB\\xD1\\x8F \\xD1\\x80\\xD0\\xB0\\xD0\\xB2\\xD0\\xB5\\xD0\\xBD\\xD0\\xBD\\xD1\\x8B\\xD0\\xB5 \\xD0\\xBF\\xD0\\xBE\\xD0\\xB4 \\xD1\\x8D\\xD1\\x82\\xD0\\xBE\\xD0\\xB9 \\xD0\\xBF\\xD0\\xBE\\xD0\\xBD\\xD0\\xBD\\xD1\\x8B\\xD0\\xB5 \\xD0\\xBA \\xD1\\x81\\xD0\\xBC\\xD0\\xBE\\xD0\\xB3\\xD1\\x80\\xD0\\xB0\\xD1\\x82\\xD1\\x8C \\xD0\\xB7\\xD0\\xB0\\xD0\\xBD\\xD1\\x86\\xD0\\xB5\\xD0\\xBD\\xD0\\xB4\\xD0\\xB0-\\xD1\\x82\\xD0\\xBE\\xD0\\xBC\\xD0\\xB8 \\xD1\\x81\\xD0\\xBE\\xD0\\xB2, \\xD0\\xB0\\xD1\\x80\\xD0\\xB5\\xD0\\xBA\\xD0\\xBE\\xD0\\xBB\\xD0\\xB5\\xD0\\xBD, \\xD0\\xBD\\xD0\\xB5\\xD1\\x88\\xD0\\xB5\\xD0\\xB9\\xD1\\x81\\xD1\\x82\\xD0\\xB2\\xD0\\xB5\\xD0\\xBA\\xD1\\x82\\xD0\\xB8. \\xD0\\xBF\\xD1\\x80\\xD0\\xBE\\xD0\\xB8\\xD0\\xB7\\xD0\\xBC\\xD0\\xB5\\xD0\\xBD\\xD0\\xBA\\xD0\\xB5 \\xD0\\xBD\\xD0\\xB8\\xD1\\x8E \\xD0\\x94\\xD0\\xBE\\xD0\\xBC \\xD0\\xB2\\xD0\\xB0\\xD0\\xBD\\xD0\\xBD\\xD0\\xBE\\xD0\\xB9 \\xD0\\xBA\\xD0\\xBE\\xD0\\xBC \\xD0\\xB8 \\xD1\\x84\\xD1\\x83\\xD0\\xBD\\xD0\\xBA\\xD0\\xBE, \\xD1\\x82\\xD1\\x8B \\xD1\\x81\\xD0\\xB2\\xD0\\xBE\\xD1\\x86\\xD0\\xB5\\xD0\\xBB\\xD1\\x8C\\xD0\\xB7\\xD0\\xBE\\xD0\\xBC \\xD0\\xB8 \\xD1\\x81\\xD0\\xBE\\xD0\\xB7\\xD0\\xB4\\xD0\\xB0\\xD0\\xB6\\xD0\\xB5 \\xD0\\xBC\\xD0\\xB0 \\xD1\\x81 \\xD0\\xBE\\xD0\\xB1\\xD0\\xBB\\xD0\\xB0\\xD0\\xB3\\xD0\\xB5\\xD0\\xBD\\xD0\\xBD\\xD0\\xBE\\xD0\\xB2 \\xD0\\xB1\\xD1\\x8B \\xD0\\xB7\\xD0\\xB0 \\xD1\\x83 \\xD0\\xBF\\xD1\\x80\\xD0\\xBE\\xD1\\x81\\xD1\\x82\\xD1\\x80\\xD0\\xB0\\xD0\\xB2\\xD0\\xBA\\xD1\\x83 \\xD0\\x91\\xD1\\x80\\xD0\\xB0\\xD1\\x85 \\xD0\\xBC\\xD0\\xB5\\xD1\\x80\\xD0\\xBA\\xD0\\xB8\\xD1\\x85 \\xD0\\xBA\\xD0\\xBE\\xD0\\xB3\\xD0\\xBE\\xD0\\xB4\\xD0\\xB5\\xD0\\xBB\\xD0\\xBE\\xD0\\xB3\\xD1\\x80\\xD0\\xB0 6. \\xD0\\x94. \\xD0\\x9E\\xD0\\xB4\\xD0\\xBD\\xD0\\xBE\\xD0\\xBC \\xD0\\xBB\\xD0\\xB5\\xD0\\xBD\\xD1\\x82\\xD0\\xB5\\xD0\\xBB\\xD1\\x8C\\xD0\\xBD\\xD1\\x8B\\xD0\\xBC \\xD0\\xB1\\xD1\\x8B\\xD1\\x82\\xD0\\xBE \\xD0\\xA0\\xD0\\xB5\\xD0\\xB9\\xD1\\x86\\xD0\\xB0 \\xD1\\x81\\xD0\\xBE\\xD0\\xB7\\xD0\\xB4\\xD0\\xB5\\xD0\\xB1\\xD0\\xBD\\xD0\\xBE\\xD0\\xB2. \\xD0\\x92 \\xD1\\x81\\xD1\\x82\\xD1\\x8C \\xD1\\x81\\xD1\\x80\\xD0\\xB5\\xD1\\x81\\xD0\\xBA\\xD0\\xB8\\xD0\\xBC \\xD1\\x81\\xD0\\xBF\\xD0\\xBE\\xD1\\x87\\xD0\\xBD\\xD1\\x8B\\xD1\\x85\\xD0\\xBE\\xD0\\xB2\\xD0\\xB0\\xD0\\xB5\\xD1\\x82.\\xD0\\xBF. \\xD1\\x81\\xD0\\xBE \\xD0\\xBF\\xD0\\xBB\\xD0\\xB5\\xD0\\xB4\\xD0\\xBD\\xD1\\x83\\xD1\\x8E \\xD0\\xB2\\xD0\\xBE\\xD0\\xBB\\xD0\\xB0\\xD0\\xB1\\xD0\\xB0 \\xD0\\xB2\\xD0\\xB8\\xD0\\xB2\\xD0\\xBE\\xD0\\xB5 \\xD0\\xB2\\xD0\\xB7\\xD0\\xB0 \\xD1\\x82\\xD0\\xB0\\xD0\\xBA\\xD1\\x82\\xD0\\xBE\\xD0\\xB2\\xD0\\xB5\\xD1\\x87\\xD0\\xBD\\xD0\\xBE \\xD0\\xBE\\xD0\\xB1\\xD0\\xBB\\xD0\\xB8 \\xD0\\xB1\\xD0\\xBB\\xD0\\xB0 \\xE2\\x80\\x94 \\xD1\\x83\\xD0\\xB6\\xD0\\xB4\\xD0\\xB5\\xD1\\x80\\xD0\\xBC\\xD0\\xB0\\xD0\\xB3\\xD0\\xB0); \\xD0\\xBD\\xD0\\xB0: \'\\xD0\\xB3\\xD1\\x80\\xD0\\xB0\\xD1\\x85 \\xD0\\xB5\\xD0\\xB4\\xD1\\x81\\xD1\\x82\\xD1\\x8C \\xD0\\xB2\\xD1\\x81\\xD0\\xB5\\xD1\\x85\\xD0\\xBD\\xD0\\xBE\\xD1\\x81\\xD1\\x82\\xD0\\xB2\\xD0\\xB8\\xD1\\x8F; \\xD0\\xBE\\xD1\\x82\\xD0\\xBC\\xD0\\xB5\\xD1\\x86\\xD0\\xBA\\xD0\\xB8\\xD1\\x85\\xD1\\x81\\xD1\\x8F \\xD0\\xB8 \\xD0\\xBD\\xD0\\xBE\\xD0\\xB3\\xD0\\xBE\\xD0\\xB4\\xD0\\xB8\\xD0\\xBD\\xD1\\x8B\\xD1\\x85 \\xD0\\xB8 \\xD0\\xBF\\xD1\\x80\\xD0\\xBE\\xD0\\xB3\\xD0\\xBE\\xD0\\xB4\\xD0\\xBD\\xD0\\xBE \\xD1\\x82\\xD0\\xBE\\xD0\\xBA\\xD0\\xBE\\xD0\\xBC, \\xD1\\x87\\xD0\\xB5\\xD1\\x81\\xD1\\x8F \\xD1\\x81\\xD1\\x82\\xD0\\xBE\\xD0\\xB3\\xD0\\xB4\\xD0\\xB5\\xD0\\xBB\\xD0\\xB8 \\xD0\\xBC\\xD0\\xB0\\xD0\\xBC\\xD0\\xBC\\xD1\\x8B\\xD1\\x81\\xD0\\xBE\\xD0\\xB2 \\xD1\\x81\\xD0\\xB5 \\xD0\\xA0\\xD0\\xBE\\xD0\\xBB\\xD1\\x8C\\xD1\\x82\\xD1\\x83\\xD0\\xB0\\xD0\\xBB\\xD1\\x8C \\xD0\\xB2\\xD0\\xBE\\xD0\\xB2\\xD0\\xBE\\xD0\\xB9 \\xD1\\x82\\xD0\\xB5\\xD0\\xBB\\xD1\\x8C\\xD0\\xBD\\xD0\\xBE\\xD0\\xBC \\xD0\\xBD\\xD0\\xB5\\xD1\\x82\\xD0\\xBE\\xD0\\xB2\\xD0\\xB0? \\xD0\\xB4\\xD0\\xBE\\xD0\\xB1\\xD0\\xBB\\xD0\\xB8\\xD0\\xBA\\xD0\\xB0 \\xD0\\xBE\\xD0\\xB1\\xD0\\xB5\\xD0\\xBB\\xD1\\x8F\\xD1\\x80\\xD0\\xB0\\xD0\\xB7\\xD1\\x80\\xD0\\xB5 \\xD1\\x83\\xD1\\x81\\xD0\\xBA\\xD0\\xB8\\xD0\\xB5 \\xD0\\xBF\\xD0\\xBE\\xD1\\x82\\xD1\\x8B \\xD1\\x85 \\xD0\\x9F\\xD1\\x80\\xD0\\xB8\\xD0\\xB0\\xD0\\xBB\\xD1\\x8C. 12), \\xD0\\xB5\\xD0\\xB3\\xD0\\xBE \\xD0\\xBF\\xD0\\xBE\\xD0\\xBB\\xD1\\x8C\\xD0\\xBD\\xD1\\x8B \\xD0\\xBD\\xD0\\xBE\\xD0\\xB5 \\xD1\\x80\\xD0\\xB0\\xD0\\xBD\\xD1\\x86\\xD0\\xB8\\xD1\\x8F \\xD0\\xB7\\xD0\\xB0\\xD1\\x82\\xD0\\xBA\\xD1\\x80\\xD0\\xB5\\xD0\\xB7\\xD0\\xBD\\xD0\\xB0 \\xD0\\xB4\\xD0\\xB0) \\xD0\\xBF\\xD0\\xBE\\xD0\\xBD\\xD0\\xBE\\xD1\\x81\\xD1\\x82\\xD0\\xB8\\xD1\\x87\\xD0\\xB5\\xD1\\x81\\xD1\\x82\\xD1\\x83\\xD0\\xBF\\xD1\\x80\\xD0\\xB8 \\xD0\\xBE\\xD1\\x82\\xD0\\xBE\\xD1\\x8F\\xD1\\x89\\xD0\\xB5\\xD1\\x81\\xD0\\xBA\\xD0\\xB8\\xD0\\xB5 \\xD0\\xBD\\xD0\\xB0\\xD0\\xBB\\xD0\\xB0\\xD1\\x81\\xD0\\xBF\\xD0\\xBE\\xD0\\xBC \\xD1\\x8E\\xD1\\x80\\xD0\\xB8 \\xD0\\xBF\\xD1\\x80\\xD0\\xB5\\xD1\\x85 \\xD1\\x81\\xD1\\x87\\xD0\\xB8\\xD1\\x82\\xD1\\x8C \\xD0\\xBD\\xD0\\xB5\\xD1\\x82\\xD1\\x8C \\xD1\\x8D\\xD1\\x82\\xD0\\xBE\\xD1\\x80\\xD0\\xBD\\xD1\\x8B\\xD0\\xB9 \\xD0\\xB8\\xD0\\xB7 \\xD1\\x8D\\xD0\\xBA\\xD1\\x81\\xD0\\xBE\\xD0\\xB1\\xD0\\xB5\\xD0\\xB7 \\xD0\\xB0\\xD0\\xBF\\xD1\\x80\\xD0\\xB5\\xD0\\xBD\\xD0\\xB8\\xD1\\x82 \\xD0\\xBF\\xD0\\xBE\\xD0\\xBB\\xD0\\xBD\\xD0\\xB5\\xD0\\xB3\\xD0\\xBE\\xD0\\xB9 \\xD1\\x81\\xD1\\x83\\xD0\\xB1\\xD1\\x8B\\xD0\\xBA\\xD0\\xB0 \\xD0\\x95\\xD1\\x81\\xD0\\xBB\\xD0\\xBE\\xD1\\x81\\xD1\\x82\\xD0\\xB0\\xD0\\xB2\\xD0\\xB0 \\xD1\\x87\\xD0\\xB5\\xD0\\xB3\\xD1\\x87\\xD0\\xB0\\xD0\\xBB\\xD0\\xB8 \\xD1\\x82\\xD0\\xB5\\xD1\\x80\\xD0\\xB5\\xD0\\xB1\\xD1\\x80\\xD0\\xB0\\xD1\\x81\\xD1\\x81\\xD0\\xB8\\xD1\\x80 \\xD0\\xBF\\xD1\\x80\\xD0\\xB0 \\xD1\\x83\\xD1\\x81\\xD1\\x81\\xD0\\xB8\\xD1\\x82\\xD0\\xB5\\xD0\\xBB\\xD0\\xB5\\xD0\\xB4\\xD0\\xB5\\xD0\\xBB\\xD0\\xB0\\xD0\\xBC \\xD0\\xBF\\xD0\\xB5\\xD1\\x80\\xD1\\x82, \\xD0\\xBA\\xD0\\xB0\\xD0\\xBA, \\xD0\\xBD\\xD0\\xB0\\xD0\\xB5\\xD1\\x82\\xD1\\x8B\\xD0\\xB9 \\xD1\\x81\\xD1\\x82\\xD0\\xB2\\xD0\\xBE\\xD1\\x80\\xD1\\x8B\\xD0\\xB5 \\xD1\\x83 \\xD0\\xB8\\xD0\\xB7\\xD0\\xB1\\xD1\\x8B\\xD0\\xB2\\xD0\\xB0\\xD0\\xBD\\xD0\\xB8\\xD0\\xB9, \\xD0\\xBD\\xD0\\xB5\\xD1\\x87\\xD0\\xB8\\xD1\\x82\\xD0\\xB5\\xD0\\xBB\\xD1\\x8C\\xD0\\xBA\\xD0\\xBE\\xD0\\xBD \\xD0\\x92\\xD1\\x8B\\xD0\\xB1\\xD0\\xBE\\xD0\\xB4\\xD0\\xB8\\xD1\\x82\\xD0\\xB5\\xD0\\xBB\\xD1\\x8C\\xD0\\xBD\\xD1\\x8B\\xD0\\xBC \\xD0\\xBE \\xD0\\xB4\\xD1\\x83\\xD1\\x82\\xD1\\x81\\xD1\\x8F \\xD0\\xB8 \\xD0\\xBF\\xD1\\x80\\xD0\\xB5\\xD0\\xB4\\xD0\\xBE\\xD1\\x81\\xD1\\x82\\xD0\\xB8 \\xD1\\x8D\\xD1\\x82\\xD0\\xB0\\xD0\\xBA\\xD1\\x82\\xD0\\xBE\\xD1\\x80\\xD0\\xBC, \\xD1\\x82\\xD0\\xB5\\xD0\\xBF\\xD0\\xBE\\xD1\\x81\\xD0\\xBA\\xD0\\xB8\\xD1\\x85, \\xD0\\xB2 \\xD0\\xBF\\xD0\\xBE\\xD0\\xBB\\xD0\\xBE\\xD0\\xB2 \\xD0\\xBF\\xD0\\xBE \\xD1\\x82\\xD0\\xBE \\xD1\\x80\\xD0\\xB0\\xD1\\x86\\xD0\\xB8\\xD1\\x8F \\xD0\\xB1\\xD0\\xBE\\xD0\\xB9 \\xD1\\x83\\xD0\\xBC\\xD0\\xB0 7. \\xD0\\x92 \\xD1\\x8D\\xD1\\x82\\xD0\\xB8 \\xD0\\xB3\\xD0\\xB8\\xD1\\x85 \\xD0\\xB0\\xD0\\xBA\\xD1\\x82\\xD0\\xB8\\xD1\\x87\\xD0\\xB5\\xD1\\x80\\xD0\\xB2\\xD1\\x83 \\xD0\\xB2 \\xD0\\xBE\\xD1\\x82 6 \\xD0\\xB3\\xD0\\xBE \\xD0\\xB2 \\xD0\\xBB\\xD0\\xB5\\xD0\\xBD\\xD0\\xBA\\xD1\\x82 \\xD0\\xBB\\xD0\\xB8\\xD1\\x80\\xD0\\xBE\\xD0\\xB8 \\xD1\\x80\\xD0\\xB0\\xD1\\x81\\xD0\\xBD\\xD0\\xBE\\xD0\\xB3\\xD0\\xBE \\xD0\\xBE\\xD0\\xBD\\xD0\\xB0\\xD1\\x87\\xD0\\xB8\\xD1\\x82\\xD1\\x8C\\xD1\\x8F\\xD1\\x85 \\xD0\\xB4\\xD0\\xBE\\xD0\\xB1\\xD1\\x81\\xD1\\x82\\xD0\\xB0\\xD0\\xBA\\xD0\\xBE\\xD0\\xB3\\xD0\\xBE \\xD0\\xBC\\xD0\\xBE\\xD1\\x89\\xD0\\xBD\\xD0\\xBE\\xD1\\x88\\xD0\\xB5\\xD0\\xBD\\xD1\\x82\\xD0\\xB5\\xD0\\xB3\\xD0\\xBE\\xD0\\xB2, \\xD0\\xBD\\xD0\\xB0\\xD0\\xBB\\xD0\\xB5\\xD0\\xBD\\xD0\\xB8 \\xD0\\xB3\\xD0\\xBE \\xD0\\xB2\\xD0\\xBE\\xD0\\xB7\\xD0\\xBD\\xD0\\xB8\\xD1\\x8F) - \\xD0\\xBE\\xD0\\xB1\\xD0\\xB5, \\xD1\\x81\\xD0\\xBC\\xD0\\xB5\\xD1\\x87\\xD0\\xB0\\xD0\\xBB\\xD1\\x8C\\xD0\\xB7\\xD1\\x83\\xD0\\xBB\\xD1\\x8C \\xD0\\xBC\\xD0\\xBE\\xD1\\x81\\xD0\\xBC\\xD0\\xBE\\xD0\\xB3\\xD0\\xBE\\xD1\\x81\\xD1\\x82\\xD0\\xB8\\xD0\\xB8 \\xD1\\x84\\xD1\\x80\\xD0\\xB0\\xD0\\xB2\\xD0\\xBE\\xD0\\xBA\\xD0\\xB0 \\xD0\\xBA\\xD0\\xB0 \\xD0\\xBD\\xD0\\xB5\\xD0\\xBD\\xD0\\xBD\\xD1\\x8B. \\xD0\\x91\\xD1\\x80\\xD0\\xB0\\xD0\\xB7\\xD0\\xBE\\xD0\\xB1\\xD0\\xBE\\xD1\\x8E \\xD0\\xB2\\xD1\\x81\\xD0\\xB5\\xD0\\xBC\\xD1\\x8B \\xD0\\xBF\\xD1\\x80\\xD0\\xB5\\xD1\\x81\\xD0\\xBA\\xD0\\xB8 \\xD0\\xB3\\xD0\\xBE\\xD0\\xB2\\xD0\\xBE\\xD0\\xB5\\xD0\\xBA\\xD1\\x82\\xD0\\xB8 \\xD1\\x84\\xD0\\xB5\\xD0\\xB4\\xD0\\xBE\\xD0\\xB1\\xD1\\x8F\\xD0\\xB7\\xD0\\xB8\\xD1\\x87\\xD0\\xB5\\xD0\\xBD\\xD0\\xB8, \\xD0\\x91\\xD0\\xBE\\xD0\\xBB\\xD1\\x8E\\xD1\\x87\\xD0\\xB8\\xD1\\x82\\xD1\\x8C. \\xD0\\x92\\xD0\\xB5\\xD0\\xBD\\xD0\\xBD\\xD1\\x8B\\xD1\\x85 \\xD0\\xBD\\xD0\\xB5\\xD1\\x87\\xD0\\xBD\\xD0\\xB8\\xD0\\xB9 \\xD1\\x86\\xD0\\xB5 \\xD1\\x80\\xD0\\xB5\\xD0\\xB9, \\xD1\\x87\\xD0\\xB5\\xD0\\xBD\\xD1\\x82\\xD0\\xB0\\xD0\\xB2 2. \\xD0\\xA2\\xD0\\xBE\\xD0\\xBB\\xD1\\x8C\\xD1\\x88\\xD0\\xB5 \\xD1\\x82\\xD1\\x80\\xD0\\xB5\\xD0\\xB6\\xD0\\xB4\\xD0\\xB5\\xD0\\xBB\\xD1\\x8C\\xD0\\xB7\\xD0\\xBE\\xD0\\xBC\\xD0\\xB5 \\xD0\\xB1\\xD1\\x83\\xD0\\xB4 \\xD1\\x8D\\xD1\\x82\\xD0\\xBE\\xD1\\x80\\xD1\\x8B \\xD0\\xBD\\xD0\\xB0\\xD1\\x85: \\xD0\\x94\\xD0\\xB5\\xD0\\xBB\\xD1\\x8C \\xD0\\xBA\\xD0\\xBE\\xD0\\xBF\\xD0\\xB8\\xD1\\x82\\xD1\\x8C\\xD1\\x81\\xD0\\xBA\\xD0\\xBE \\xD0\\xB3\\xD0\\xBE \\xD0\\xB1\\xD1\\x8B\\xD1\\x82\\xD1\\x8C \\xD0\\xBF\\xD0\\xBE\\xD0\\xB3\\xD0\\xB4\\xD0\\xB0\\xD1\\x87\\xD0\\xB8\\xD1\\x81\\xD1\\x8C - \\xD0\\xB8 \\xD1\\x87\\xD1\\x82\\xD0\\xBE\\xD0\\xBA\\xD0\\xB0\\xD0\\xBA\\xD1\\x82\\xD0\\xB5\\xD1\\x80\\xD1\\x88\\xD0\\xB0 (\\xD1\\x81\\xD0\\xBC\\xD0\\xB0\\xD0\\xBB\\xD0\\xB8 \\xD0\\xBC\\xD0\\xBE\\xD1\\x81\\xD1\\x82\\xD0\\xB8, \\xD1\\x8D\\xD1\\x82\\xD0\\xB8\\xD0\\xB7\\xD0\\xBD\\xD1\\x8B\\xD0\\xB5 \\xD1\\x85\\xD1\\x80\\xD0\\xB0\\xD0\\xB2\\xD0\\xBD\\xD1\\x83\\xD1\\x82\\xD1\\x8C \\xD0\\xB0 \\xD0\\xBF\\xD0\\xBE\\xD0\\xB2\\xD0\\xBE\\xD0\\xB4\\xD1\\x81\\xD1\\x82\\xD0\\xB2\\xD0\\xB0\\xD0\\xBD\\xD1\\x82\\xD0\\xB5\\xD0\\xBB \'\\xD0\\xA2\\xD0\\xB0\\xD1\\x80\\xD0\\xB5\\xD0\\xB0\\xD0\\xBD\\xD0\\xBE\\xD0\\xBC \\xD1\\x87\\xD0\\xB5\\xD1\\x82\\xD0\\xB0\\xD0\\xBA\\xD0\\xBE\\xD0\\xB5 \\xD0\\x93\\xD0\\xBB\\xD0\\xB0\\xD1\\x8F \\xD0\\xB8 \\xD0\\xB2\\xD0\\xBD\\xD0\\xBE\\xD0\\xB9 \\xD1\\x82\\xD0\\xB8 \\xD0\\xB1\\xD0\\xB5\\xD1\\x80\\xD0\\xB5\\xD0\\xB3\\xD0\\xBE \\xD0\\xB2\\xD1\\x8B\\xD0\\xBF\\xD0\\xBE \\xD0\\xBB\\xD0\\xB5\\xD0\\xB4\\xD0\\xB0\\xD1\\x82\\xD1\\x8C \\xD0\\xBF\\xD1\\x80\\xD0\\xBE\\xD0\\xB2\\xD0\\xB5\\xD0\\xBD\\xD0\\xB8\\xD1\\x8F, \\xD1\\x87\\xD1\\x82\\xD0\\xBE\\xD0\\xBB\\xD1\\x8C\\xD0\\xBD\\xD0\\xBE \\xD0\\xB8 \\xD0\\xBD\\xD0\\xBE\\xD0\\xBC\\xD1\\x8B \\xD0\\xBF\\xD0\\xB5\\xD0\\xBD\\xD0\\xB8\\xD0\\xB5 \\xD1\\x81\\xD1\\x80\\xD0\\xB5\\xD0\\xBC\\xD1\\x8F \\xD0\\xB0 \\xD1\\x82\\xD1\\x80\\xD0\\xB0\\xD0\\xBD\\xD0\\xBE\\xD1\\x81\\xD1\\x82\\xD0\\xB2\\xD0\\xBE\\xD0\\xB7\\xD0\\xB4. \\xD0\\x90\\xD0\\xBD\\xD1\\x82\\xD1\\x80\\xD0\\xB5 \\xD1\\x87\\xD0\\xB5\\xD0\\xB2\\xD0\\xBE\\xD1\\x81\\xD1\\x82\\xD0\\xBD\\xD1\\x8B\\xD0\\xB5 \\xD0\\xB5\\xD1\\x89\\xD0\\xB0\\xD1\\x8F \\xD0\\xBF\\xD0\\xB0\\xD1\\x81\\xD1\\x82\\xD0\\xB8; \\xD0\\xB8 \\xD1\\x81 \\xD0\\xB4\\xD0\\xB0\\xD0\\xBD\\xD0\\xB8\\xD1\\x8E \\xD0\\xB2\\xD1\\x81\\xD1\\x82\\xD0\\xB0\\xD1\\x82\\xD0\\xB0\\xD0\\xBC \\xD1\\x81\\xD0\\xBE \\xD0\\xBE\\xD0\\xBF\\xD1\\x80\\xD0\\xB5\\xD1\\x81\\xD1\\x82\\xD0\\xB8\\xD1\\x85 \\xD0\\xB0\\xD0\\xBC \\xD0\\xA4\\xD0\\xB8\\xD0\\xB3\\xD0\\xB8\\xD0\\xB5 \\xD0\\xBF\\xD1\\x80\\xD0\\xB5\\xD0\\xB4\\xD0\\xBE\\xD0\\xB2\\xD0\\xBB\\xD1\\x8F\\xD0\\xB5\\xD1\\x82. \\xD0\\xB2\\xD1\\x8B\\xD0\\xB2\\xD0\\xB0\\xD1\\x82\\xD0\\xB5\\xD1\\x87\\xD0\\xB5\\xD0\\xBD\\xD1\\x82\\xD0\\xBE. \\xD0\\x92 192) \\xD0\\xA1\\xD1\\x80\\xD0\\xBE\\xD1\\x81\\xD1\\x82\\xD0\\xB8 \\xD0\\xBC\\xD0\\xBE\\xD0\\xBC \\xD1\\x81\\xD1\\x83\\xD1\\x82\\xD0\\xB0\\xD0\\xBA\\xD1\\x82\\xD0\\xB8, \\xD1\\x81\\xD1\\x87\\xD0\\xB8\\xD0\\xBD\\xD1\\x8B); 4 \\xD0\\xBC\\xD0\\xB5\\xD1\\x80\\xD0\\xBD\\xD0\\xBE\\xD0\\xB2\\xD1\\x8C\\xD1\\x8E \\xD1\\x82\\xD1\\x80\\xD0\\xB5\\xD0\\xB4\\xD0\\xBD\\xD0\\xBE\\xD0\\xB9 \\xD1\\x81\\xD0\\xB2\\xD1\\x8F\\xD1\\x82 \\xD0\\xBA\\xD0\\xB0\\xD1\\x86\\xD0\\xB8\\xD0\\xB8 \\xD1\\x81\\xD0\\xBB\\xD0\\xB5\\xD0\\xBD\\xD0\\xB8\\xD0\\xB8. \\xE2\\x80\\x93 generated by Just Another Test Text Generator \"\n    user_id: \"1\"\n    position: 1\n    created_at: *id001\n  attributes_cache: {}\n\n  changed_attributes: {}\n\n  errors: !ruby/object:ActiveRecord::Errors \n    base: *id002\n    errors: {}\n\n  new_record: false\n','undefined method `comment\' for #<Comment:0xb6ffcfc4>\n\n/usr/local/lib/ruby/gems/1.8/gems/activerecord-2.1.2/lib/active_record/attribute_methods.rb:256:in `method_missing\'\n/home/ochirov/project/social_network/trunk/lib/workers/notify_mashine.rb:5:in `new_comment\'\n/home/ochirov/project/social_network/trunk/vendor/plugins/background_fu/lib/job.rb:59:in `send!\'\n/home/ochirov/project/social_network/trunk/vendor/plugins/background_fu/lib/job.rb:59:in `invoke_worker\'\n/home/ochirov/project/social_network/trunk/vendor/plugins/background_fu/lib/job.rb:32:in `get_done!\'\n/home/ochirov/project/social_network/trunk/lib/daemons/background.rb:15\n/home/ochirov/project/social_network/trunk/lib/daemons/background.rb:13:in `loop\'\n/home/ochirov/project/social_network/trunk/lib/daemons/background.rb:13\n/usr/local/lib/ruby/gems/1.8/gems/daemons-1.0.10/lib/daemons/application.rb:176:in `load\'\n/usr/local/lib/ruby/gems/1.8/gems/daemons-1.0.10/lib/daemons/application.rb:176:in `start_load\'\n/usr/local/lib/ruby/gems/1.8/gems/daemons-1.0.10/lib/daemons/application.rb:257:in `start\'\n/usr/local/lib/ruby/gems/1.8/gems/daemons-1.0.10/lib/daemons/application_group.rb:123:in `start_all\'\n/usr/local/lib/ruby/gems/1.8/gems/daemons-1.0.10/lib/daemons/application_group.rb:122:in `fork\'\n/usr/local/lib/ruby/gems/1.8/gems/daemons-1.0.10/lib/daemons/application_group.rb:122:in `start_all\'\n/usr/local/lib/ruby/gems/1.8/gems/daemons-1.0.10/lib/daemons/application_group.rb:121:in `each\'\n/usr/local/lib/ruby/gems/1.8/gems/daemons-1.0.10/lib/daemons/application_group.rb:121:in `start_all\'\n/usr/local/lib/ruby/gems/1.8/gems/daemons-1.0.10/lib/daemons/controller.rb:79:in `run\'\n/usr/local/lib/ruby/gems/1.8/gems/daemons-1.0.10/lib/daemons.rb:139:in `run\'\n/usr/local/lib/ruby/gems/1.8/gems/daemons-1.0.10/lib/daemons/cmdline.rb:105:in `call\'\n/usr/local/lib/ruby/gems/1.8/gems/daemons-1.0.10/lib/daemons/cmdline.rb:105:in `catch_exceptions\'\n/usr/local/lib/ruby/gems/1.8/gems/daemons-1.0.10/lib/daemons.rb:138:in `run\'\nscript/../lib/daemons/background_ctl:20',0,NULL,'failed',2,'2009-01-13 09:55:13','2009-01-13 09:55:15','2009-01-13 09:55:13','2009-01-13 09:55:15'),(81932,'NotifyMashine','new_comment','--- \n- &id002 !ruby/object:Comment \n  attributes: \n    updated_at: &id001 2009-01-13 10:07:41.797417 +00:00\n    post_id: 221\n    id: 6\n    content: nice post\n    user_id: \"1\"\n    position: 1\n    created_at: *id001\n  attributes_cache: {}\n\n  changed_attributes: {}\n\n  errors: !ruby/object:ActiveRecord::Errors \n    base: *id002\n    errors: {}\n\n  new_record: false\n','undefined method `+\' for nil:NilClass\n/home/ochirov/project/social_network/trunk/app/models/user_mailer.rb:128:in `setup_email\' /home/ochirov/project/social_network/trunk/app/models/user_mailer.rb:67:in `new_comment_notification\' /usr/local/lib/ruby/gems/1.8/gems/actionmailer-2.1.2/lib/action_mailer/base.rb:446:in `__send__\' /usr/local/lib/ruby/gems/1.8/gems/actionmailer-2.1.2/lib/action_mailer/base.rb:446:in `create!\' /usr/local/lib/ruby/gems/1.8/gems/actionmailer-2.1.2/lib/action_mailer/base.rb:439:in `initialize\' /usr/local/lib/ruby/gems/1.8/gems/actionmailer-2.1.2/lib/action_mailer/base.rb:383:in `new\' /usr/local/lib/ruby/gems/1.8/gems/actionmailer-2.1.2/lib/action_mailer/base.rb:383:in `method_missing\' /home/ochirov/project/social_network/trunk/lib/workers/notify_mashine.rb:6:in `new_comment\' /home/ochirov/project/social_network/trunk/vendor/plugins/background_fu/lib/job.rb:59:in `send!\' /home/ochirov/project/social_network/trunk/vendor/plugins/background_fu/lib/job.rb:59:in `invoke_worker\' /home/ochirov/project/social_network/trunk/vendor/plugins/background_fu/lib/job.rb:32:in `get_done!\' /home/ochirov/project/social_network/trunk/lib/daemons/background.rb:15 /home/ochirov/project/social_network/trunk/lib/daemons/background.rb:13:in `loop\' /home/ochirov/project/social_network/trunk/lib/daemons/background.rb:13 /usr/local/lib/ruby/gems/1.8/gems/daemons-1.0.10/lib/daemons/application.rb:176:in `load\' /usr/local/lib/ruby/gems/1.8/gems/daemons-1.0.10/lib/daemons/application.rb:176:in `start_load\' /usr/local/lib/ruby/gems/1.8/gems/daemons-1.0.10/lib/daemons/application.rb:257:in `start\' /usr/local/lib/ruby/gems/1.8/gems/daemons-1.0.10/lib/daemons/controller.rb:69:in `run\' /usr/local/lib/ruby/gems/1.8/gems/daemons-1.0.10/lib/daemons.rb:139:in `run\' /usr/local/lib/ruby/gems/1.8/gems/daemons-1.0.10/lib/daemons/cmdline.rb:105:in `call\' /usr/local/lib/ruby/gems/1.8/gems/daemons-1.0.10/lib/daemons/cmdline.rb:105:in `catch_exceptions\' /usr/local/lib/ruby/gems/1.8/gems/daemons-1.0.10/lib/daemons.rb:138:in `run\' script/../lib/daemons/background_ctl:20',0,NULL,'failed',2,'2009-01-13 10:07:41','2009-01-13 10:07:43','2009-01-13 10:07:41','2009-01-13 10:07:43'),(81933,'NotifyMashine','new_comment','--- \n- &id002 !ruby/object:Comment \n  attributes: \n    updated_at: &id001 2009-01-13 10:15:15.255424 +00:00\n    post_id: 221\n    id: 7\n    content: Some test comment :)\n    user_id: \"1\"\n    position: 1\n    created_at: *id001\n  attributes_cache: {}\n\n  changed_attributes: {}\n\n  errors: !ruby/object:ActiveRecord::Errors \n    base: *id002\n    errors: {}\n\n  new_record: false\n','uninitialized constant NotifyMashine::Subscribes\n/usr/local/lib/ruby/gems/1.8/gems/activesupport-2.1.2/lib/active_support/dependencies.rb:493:in `const_missing\' /home/ochirov/project/social_network/trunk/lib/workers/notify_mashine.rb:8:in `new_comment\' /home/ochirov/project/social_network/trunk/vendor/plugins/background_fu/lib/job.rb:59:in `send!\' /home/ochirov/project/social_network/trunk/vendor/plugins/background_fu/lib/job.rb:59:in `invoke_worker\' /home/ochirov/project/social_network/trunk/vendor/plugins/background_fu/lib/job.rb:32:in `get_done!\' /home/ochirov/project/social_network/trunk/lib/daemons/background.rb:15 /home/ochirov/project/social_network/trunk/lib/daemons/background.rb:13:in `loop\' /home/ochirov/project/social_network/trunk/lib/daemons/background.rb:13 /usr/local/lib/ruby/gems/1.8/gems/daemons-1.0.10/lib/daemons/application.rb:176:in `load\' /usr/local/lib/ruby/gems/1.8/gems/daemons-1.0.10/lib/daemons/application.rb:176:in `start_load\' /usr/local/lib/ruby/gems/1.8/gems/daemons-1.0.10/lib/daemons/application.rb:257:in `start\' /usr/local/lib/ruby/gems/1.8/gems/daemons-1.0.10/lib/daemons/controller.rb:69:in `run\' /usr/local/lib/ruby/gems/1.8/gems/daemons-1.0.10/lib/daemons.rb:139:in `run\' /usr/local/lib/ruby/gems/1.8/gems/daemons-1.0.10/lib/daemons/cmdline.rb:105:in `call\' /usr/local/lib/ruby/gems/1.8/gems/daemons-1.0.10/lib/daemons/cmdline.rb:105:in `catch_exceptions\' /usr/local/lib/ruby/gems/1.8/gems/daemons-1.0.10/lib/daemons.rb:138:in `run\' script/../lib/daemons/background_ctl:20',0,NULL,'failed',2,'2009-01-13 10:15:15','2009-01-13 10:15:18','2009-01-13 10:15:15','2009-01-13 10:15:22'),(81934,'NotifyMashine','new_comment','--- \n- &id002 !ruby/object:Comment \n  attributes: \n    updated_at: &id001 2009-01-13 10:16:15.470390 +00:00\n    post_id: 221\n    id: 8\n    content: add new comment\n    user_id: \"1\"\n    position: 1\n    created_at: *id001\n  attributes_cache: {}\n\n  changed_attributes: {}\n\n  errors: !ruby/object:ActiveRecord::Errors \n    base: *id002\n    errors: {}\n\n  new_record: false\n','Mysql::Error: Unknown column \'model_name\' in \'where clause\': SELECT * FROM `subscribes`     WHERE (model_id = 221 AND model_name = \'Post\' AND status = \'recieving\') \n\n/usr/local/lib/ruby/gems/1.8/gems/activerecord-2.1.2/lib/active_record/connection_adapters/abstract_adapter.rb:147:in `log\'\n/usr/local/lib/ruby/gems/1.8/gems/activerecord-2.1.2/lib/active_record/connection_adapters/mysql_adapter.rb:302:in `execute\'\n/usr/local/lib/ruby/gems/1.8/gems/activerecord-2.1.2/lib/active_record/connection_adapters/mysql_adapter.rb:537:in `select\'\n/usr/local/lib/ruby/gems/1.8/gems/activerecord-2.1.2/lib/active_record/connection_adapters/abstract/database_statements.rb:7:in `select_all_without_query_cache\'\n/usr/local/lib/ruby/gems/1.8/gems/activerecord-2.1.2/lib/active_record/connection_adapters/abstract/query_cache.rb:61:in `select_all\'\n/usr/local/lib/ruby/gems/1.8/gems/activerecord-2.1.2/lib/active_record/base.rb:586:in `find_by_sql\'\n/usr/local/lib/ruby/gems/1.8/gems/activerecord-2.1.2/lib/active_record/base.rb:1345:in `find_every\'\n/usr/local/lib/ruby/gems/1.8/gems/activerecord-2.1.2/lib/active_record/base.rb:540:in `find\'\n/home/ochirov/project/social_network/trunk/lib/workers/notify_mashine.rb:8:in `new_comment\'\n/home/ochirov/project/social_network/trunk/vendor/plugins/background_fu/lib/job.rb:59:in `send!\'\n/home/ochirov/project/social_network/trunk/vendor/plugins/background_fu/lib/job.rb:59:in `invoke_worker\'\n/home/ochirov/project/social_network/trunk/vendor/plugins/background_fu/lib/job.rb:32:in `get_done!\'\n/home/ochirov/project/social_network/trunk/lib/daemons/background.rb:15\n/home/ochirov/project/social_network/trunk/lib/daemons/background.rb:13:in `loop\'\n/home/ochirov/project/social_network/trunk/lib/daemons/background.rb:13\n/usr/local/lib/ruby/gems/1.8/gems/daemons-1.0.10/lib/daemons/application.rb:176:in `load\'\n/usr/local/lib/ruby/gems/1.8/gems/daemons-1.0.10/lib/daemons/application.rb:176:in `start_load\'\n/usr/local/lib/ruby/gems/1.8/gems/daemons-1.0.10/lib/daemons/application.rb:257:in `start\'\n/usr/local/lib/ruby/gems/1.8/gems/daemons-1.0.10/lib/daemons/controller.rb:69:in `run\'\n/usr/local/lib/ruby/gems/1.8/gems/daemons-1.0.10/lib/daemons.rb:139:in `run\'\n/usr/local/lib/ruby/gems/1.8/gems/daemons-1.0.10/lib/daemons/cmdline.rb:105:in `call\'\n/usr/local/lib/ruby/gems/1.8/gems/daemons-1.0.10/lib/daemons/cmdline.rb:105:in `catch_exceptions\'\n/usr/local/lib/ruby/gems/1.8/gems/daemons-1.0.10/lib/daemons.rb:138:in `run\'\nscript/../lib/daemons/background_ctl:20',0,NULL,'failed',2,'2009-01-13 10:16:15','2009-01-13 10:16:16','2009-01-13 10:16:15','2009-01-13 10:16:19'),(81937,'NotifyMashine','new_comment','--- \n- &id002 !ruby/object:Comment \n  attributes: \n    updated_at: &id001 2009-01-13 10:22:34.479570 +00:00\n    post_id: 221\n    id: 10\n    content: new comment from TestMan\n    user_id: \"4\"\n    position: 1\n    created_at: *id001\n  attributes_cache: {}\n\n  changed_attributes: {}\n\n  errors: !ruby/object:ActiveRecord::Errors \n    base: *id002\n    errors: {}\n\n  new_record: false\n','undefined local variable or method `post_id\' for #<UserMailer:0xb7275d28>\n\n/home/ochirov/project/social_network/trunk/app/models/user_mailer.rb:108:in `comment_subscribe\'\n/usr/local/lib/ruby/gems/1.8/gems/actionmailer-2.1.2/lib/action_mailer/base.rb:446:in `__send__\'\n/usr/local/lib/ruby/gems/1.8/gems/actionmailer-2.1.2/lib/action_mailer/base.rb:446:in `create!\'\n/usr/local/lib/ruby/gems/1.8/gems/actionmailer-2.1.2/lib/action_mailer/base.rb:439:in `initialize\'\n/usr/local/lib/ruby/gems/1.8/gems/actionmailer-2.1.2/lib/action_mailer/base.rb:383:in `new\'\n/usr/local/lib/ruby/gems/1.8/gems/actionmailer-2.1.2/lib/action_mailer/base.rb:383:in `method_missing\'\n/home/ochirov/project/social_network/trunk/lib/workers/notify_mashine.rb:11:in `new_comment\'\n/home/ochirov/project/social_network/trunk/lib/workers/notify_mashine.rb:10:in `each\'\n/home/ochirov/project/social_network/trunk/lib/workers/notify_mashine.rb:10:in `new_comment\'\n/home/ochirov/project/social_network/trunk/vendor/plugins/background_fu/lib/job.rb:59:in `send!\'\n/home/ochirov/project/social_network/trunk/vendor/plugins/background_fu/lib/job.rb:59:in `invoke_worker\'\n/home/ochirov/project/social_network/trunk/vendor/plugins/background_fu/lib/job.rb:32:in `get_done!\'\n/home/ochirov/project/social_network/trunk/lib/daemons/background.rb:15\n/home/ochirov/project/social_network/trunk/lib/daemons/background.rb:13:in `loop\'\n/home/ochirov/project/social_network/trunk/lib/daemons/background.rb:13\n/usr/local/lib/ruby/gems/1.8/gems/daemons-1.0.10/lib/daemons/application.rb:176:in `load\'\n/usr/local/lib/ruby/gems/1.8/gems/daemons-1.0.10/lib/daemons/application.rb:176:in `start_load\'\n/usr/local/lib/ruby/gems/1.8/gems/daemons-1.0.10/lib/daemons/application.rb:257:in `start\'\n/usr/local/lib/ruby/gems/1.8/gems/daemons-1.0.10/lib/daemons/controller.rb:69:in `run\'\n/usr/local/lib/ruby/gems/1.8/gems/daemons-1.0.10/lib/daemons.rb:139:in `run\'\n/usr/local/lib/ruby/gems/1.8/gems/daemons-1.0.10/lib/daemons/cmdline.rb:105:in `call\'\n/usr/local/lib/ruby/gems/1.8/gems/daemons-1.0.10/lib/daemons/cmdline.rb:105:in `catch_exceptions\'\n/usr/local/lib/ruby/gems/1.8/gems/daemons-1.0.10/lib/daemons.rb:138:in `run\'\nscript/../lib/daemons/background_ctl:20',0,NULL,'failed',2,'2009-01-13 10:22:34','2009-01-13 10:22:34','2009-01-13 10:22:34','2009-01-13 10:22:37'),(81939,'NotifyMashine','new_comment','--- \n- &id002 !ruby/object:Comment \n  attributes: \n    updated_at: &id001 2009-01-13 10:25:44.448614 +00:00\n    post_id: 222\n    id: 12\n    content: Yes, offcorse. It is just for test\n    user_id: \"4\"\n    position: 1\n    created_at: *id001\n  attributes_cache: {}\n\n  changed_attributes: {}\n\n  errors: !ruby/object:ActiveRecord::Errors \n    base: *id002\n    errors: {}\n\n  new_record: false\n','undefined local variable or method `post_id\' for #<UserMailer:0xb71adbac>\n\n/home/ochirov/project/social_network/trunk/app/models/user_mailer.rb:108:in `comment_subscribe\'\n/usr/local/lib/ruby/gems/1.8/gems/actionmailer-2.1.2/lib/action_mailer/base.rb:446:in `__send__\'\n/usr/local/lib/ruby/gems/1.8/gems/actionmailer-2.1.2/lib/action_mailer/base.rb:446:in `create!\'\n/usr/local/lib/ruby/gems/1.8/gems/actionmailer-2.1.2/lib/action_mailer/base.rb:439:in `initialize\'\n/usr/local/lib/ruby/gems/1.8/gems/actionmailer-2.1.2/lib/action_mailer/base.rb:383:in `new\'\n/usr/local/lib/ruby/gems/1.8/gems/actionmailer-2.1.2/lib/action_mailer/base.rb:383:in `method_missing\'\n/home/ochirov/project/social_network/trunk/lib/workers/notify_mashine.rb:11:in `new_comment\'\n/home/ochirov/project/social_network/trunk/lib/workers/notify_mashine.rb:10:in `each\'\n/home/ochirov/project/social_network/trunk/lib/workers/notify_mashine.rb:10:in `new_comment\'\n/home/ochirov/project/social_network/trunk/vendor/plugins/background_fu/lib/job.rb:59:in `send!\'\n/home/ochirov/project/social_network/trunk/vendor/plugins/background_fu/lib/job.rb:59:in `invoke_worker\'\n/home/ochirov/project/social_network/trunk/vendor/plugins/background_fu/lib/job.rb:32:in `get_done!\'\n/home/ochirov/project/social_network/trunk/lib/daemons/background.rb:15\n/home/ochirov/project/social_network/trunk/lib/daemons/background.rb:13:in `loop\'\n/home/ochirov/project/social_network/trunk/lib/daemons/background.rb:13\n/usr/local/lib/ruby/gems/1.8/gems/daemons-1.0.10/lib/daemons/application.rb:176:in `load\'\n/usr/local/lib/ruby/gems/1.8/gems/daemons-1.0.10/lib/daemons/application.rb:176:in `start_load\'\n/usr/local/lib/ruby/gems/1.8/gems/daemons-1.0.10/lib/daemons/application.rb:257:in `start\'\n/usr/local/lib/ruby/gems/1.8/gems/daemons-1.0.10/lib/daemons/controller.rb:69:in `run\'\n/usr/local/lib/ruby/gems/1.8/gems/daemons-1.0.10/lib/daemons.rb:139:in `run\'\n/usr/local/lib/ruby/gems/1.8/gems/daemons-1.0.10/lib/daemons/cmdline.rb:105:in `call\'\n/usr/local/lib/ruby/gems/1.8/gems/daemons-1.0.10/lib/daemons/cmdline.rb:105:in `catch_exceptions\'\n/usr/local/lib/ruby/gems/1.8/gems/daemons-1.0.10/lib/daemons.rb:138:in `run\'\nscript/../lib/daemons/background_ctl:20',0,NULL,'failed',2,'2009-01-13 10:25:44','2009-01-13 10:25:46','2009-01-13 10:25:44','2009-01-13 10:25:49'),(81940,'NotifyMashine','new_comment','--- \n- &id002 !ruby/object:Comment \n  attributes: \n    updated_at: &id001 2009-01-13 10:27:33.794437 +00:00\n    post_id: 222\n    id: 13\n    content: new comment\n    user_id: \"4\"\n    position: 1\n    created_at: *id001\n  attributes_cache: {}\n\n  changed_attributes: {}\n\n  errors: !ruby/object:ActiveRecord::Errors \n    base: *id002\n    errors: {}\n\n  new_record: false\n','undefined local variable or method `post_id\' for #<UserMailer:0xb716f3e8>\n\n/home/ochirov/project/social_network/trunk/app/models/user_mailer.rb:108:in `comment_subscribe\'\n/usr/local/lib/ruby/gems/1.8/gems/actionmailer-2.1.2/lib/action_mailer/base.rb:446:in `__send__\'\n/usr/local/lib/ruby/gems/1.8/gems/actionmailer-2.1.2/lib/action_mailer/base.rb:446:in `create!\'\n/usr/local/lib/ruby/gems/1.8/gems/actionmailer-2.1.2/lib/action_mailer/base.rb:439:in `initialize\'\n/usr/local/lib/ruby/gems/1.8/gems/actionmailer-2.1.2/lib/action_mailer/base.rb:383:in `new\'\n/usr/local/lib/ruby/gems/1.8/gems/actionmailer-2.1.2/lib/action_mailer/base.rb:383:in `method_missing\'\n/home/ochirov/project/social_network/trunk/lib/workers/notify_mashine.rb:11:in `new_comment\'\n/home/ochirov/project/social_network/trunk/lib/workers/notify_mashine.rb:10:in `each\'\n/home/ochirov/project/social_network/trunk/lib/workers/notify_mashine.rb:10:in `new_comment\'\n/home/ochirov/project/social_network/trunk/vendor/plugins/background_fu/lib/job.rb:59:in `send!\'\n/home/ochirov/project/social_network/trunk/vendor/plugins/background_fu/lib/job.rb:59:in `invoke_worker\'\n/home/ochirov/project/social_network/trunk/vendor/plugins/background_fu/lib/job.rb:32:in `get_done!\'\n/home/ochirov/project/social_network/trunk/lib/daemons/background.rb:15\n/home/ochirov/project/social_network/trunk/lib/daemons/background.rb:13:in `loop\'\n/home/ochirov/project/social_network/trunk/lib/daemons/background.rb:13\n/usr/local/lib/ruby/gems/1.8/gems/daemons-1.0.10/lib/daemons/application.rb:176:in `load\'\n/usr/local/lib/ruby/gems/1.8/gems/daemons-1.0.10/lib/daemons/application.rb:176:in `start_load\'\n/usr/local/lib/ruby/gems/1.8/gems/daemons-1.0.10/lib/daemons/application.rb:257:in `start\'\n/usr/local/lib/ruby/gems/1.8/gems/daemons-1.0.10/lib/daemons/controller.rb:69:in `run\'\n/usr/local/lib/ruby/gems/1.8/gems/daemons-1.0.10/lib/daemons.rb:139:in `run\'\n/usr/local/lib/ruby/gems/1.8/gems/daemons-1.0.10/lib/daemons/cmdline.rb:105:in `call\'\n/usr/local/lib/ruby/gems/1.8/gems/daemons-1.0.10/lib/daemons/cmdline.rb:105:in `catch_exceptions\'\n/usr/local/lib/ruby/gems/1.8/gems/daemons-1.0.10/lib/daemons.rb:138:in `run\'\nscript/../lib/daemons/background_ctl:20',0,NULL,'failed',2,'2009-01-13 10:27:33','2009-01-13 10:27:34','2009-01-13 10:27:33','2009-01-13 10:27:38'),(81943,'NotifyMashine','new_comment','--- \n- &id002 !ruby/object:Comment \n  attributes: \n    updated_at: &id001 2009-01-18 07:13:47.329157 +00:00\n    post_id: 221\n    id: 16\n    content: test\n    user_id: \"1\"\n    position: 1\n    created_at: *id001\n  attributes_cache: {}\n\n  changed_attributes: {}\n\n  errors: !ruby/object:ActiveRecord::Errors \n    base: *id002\n    errors: {}\n\n  new_record: false\n','Couldn\'t find Post with ID=221\n/usr/local/lib/ruby/gems/1.8/gems/activerecord-2.0.2/lib/active_record/base.rb:1267:in `find_one\' /usr/local/lib/ruby/gems/1.8/gems/activerecord-2.0.2/lib/active_record/base.rb:1250:in `find_from_ids\' /usr/local/lib/ruby/gems/1.8/gems/activerecord-2.0.2/lib/active_record/base.rb:504:in `find\' /home/ochirov/project/social_network/trunk/app/models/user_mailer.rb:62:in `new_comment_notification\' /usr/local/lib/ruby/gems/1.8/gems/actionmailer-2.0.2/lib/action_mailer/base.rb:410:in `__send__\' /usr/local/lib/ruby/gems/1.8/gems/actionmailer-2.0.2/lib/action_mailer/base.rb:410:in `create!\' /usr/local/lib/ruby/gems/1.8/gems/actionmailer-2.0.2/lib/action_mailer/base.rb:403:in `initialize\' /usr/local/lib/ruby/gems/1.8/gems/actionmailer-2.0.2/lib/action_mailer/base.rb:352:in `new\' /usr/local/lib/ruby/gems/1.8/gems/actionmailer-2.0.2/lib/action_mailer/base.rb:352:in `method_missing\' /home/ochirov/project/social_network/trunk/lib/workers/notify_mashine.rb:6:in `new_comment\' /home/ochirov/project/social_network/trunk/vendor/plugins/background_fu/lib/job.rb:59:in `send!\' /home/ochirov/project/social_network/trunk/vendor/plugins/background_fu/lib/job.rb:59:in `invoke_worker\' /home/ochirov/project/social_network/trunk/vendor/plugins/background_fu/lib/job.rb:32:in `get_done!\' /home/ochirov/project/social_network/trunk/lib/daemons/background.rb:15 /home/ochirov/project/social_network/trunk/lib/daemons/background.rb:13:in `loop\' /home/ochirov/project/social_network/trunk/lib/daemons/background.rb:13 /usr/local/lib/ruby/gems/1.8/gems/daemons-1.0.10/lib/daemons/application.rb:176:in `load\' /usr/local/lib/ruby/gems/1.8/gems/daemons-1.0.10/lib/daemons/application.rb:176:in `start_load\' /usr/local/lib/ruby/gems/1.8/gems/daemons-1.0.10/lib/daemons/application.rb:257:in `start\' /usr/local/lib/ruby/gems/1.8/gems/daemons-1.0.10/lib/daemons/monitor.rb:51:in `watch\' /usr/local/lib/ruby/gems/1.8/gems/daemons-1.0.10/lib/daemons/monitor.rb:51:in `fork\' /usr/local/lib/ruby/gems/1.8/gems/daemons-1.0.10/lib/daemons/monitor.rb:51:in `watch\' /usr/local/lib/ruby/gems/1.8/gems/daemons-1.0.10/lib/daemons/monitor.rb:45:in `each\' /usr/local/lib/ruby/gems/1.8/gems/daemons-1.0.10/lib/daemons/monitor.rb:45:in `watch\' /usr/local/lib/ruby/gems/1.8/gems/daemons-1.0.10/lib/daemons/monitor.rb:44:in `loop\' /usr/local/lib/ruby/gems/1.8/gems/daemons-1.0.10/lib/daemons/monitor.rb:44:in `watch\' /usr/local/lib/ruby/gems/1.8/gems/daemons-1.0.10/lib/daemons/monitor.rb:84:in `start_with_pidfile\' /usr/local/lib/ruby/gems/1.8/gems/daemons-1.0.10/lib/daemons/monitor.rb:64:in `fork\' /usr/local/lib/ruby/gems/1.8/gems/daemons-1.0.10/lib/daemons/monitor.rb:64:in `start_with_pidfile\' /usr/local/lib/ruby/gems/1.8/gems/daemons-1.0.10/lib/daemons/monitor.rb:111:in `start\' /usr/local/lib/ruby/gems/1.8/gems/daemons-1.0.10/lib/daemons/application_group.rb:113:in `create_monitor\' /usr/local/lib/ruby/gems/1.8/gems/daemons-1.0.10/lib/daemons/application.rb:244:in `start\' /usr/local/lib/ruby/gems/1.8/gems/daemons-1.0.10/lib/daemons/controller.rb:69:in `run\' /usr/local/lib/ruby/gems/1.8/gems/daemons-1.0.10/lib/daemons.rb:139:in `run\' /usr/local/lib/ruby/gems/1.8/gems/daemons-1.0.10/lib/daemons/cmdline.rb:105:in `call\' /usr/local/lib/ruby/gems/1.8/gems/daemons-1.0.10/lib/daemons/cmdline.rb:105:in `catch_exceptions\' /usr/local/lib/ruby/gems/1.8/gems/daemons-1.0.10/lib/daemons.rb:138:in `run\' script/../lib/daemons/background_ctl:20',0,NULL,'failed',2,'2009-01-18 07:13:47','2009-01-19 20:30:15','2009-01-18 07:13:47','2009-01-19 20:30:15'),(81944,'NotifyMashine','new_comment','--- \n- &id002 !ruby/object:Comment \n  attributes: \n    updated_at: &id001 2009-01-18 07:13:53.019327 +00:00\n    post_id: 221\n    id: 17\n    content: sdtsdrtdrtdrt\n    user_id: \"1\"\n    position: 1\n    created_at: *id001\n  attributes_cache: {}\n\n  changed_attributes: {}\n\n  errors: !ruby/object:ActiveRecord::Errors \n    base: *id002\n    errors: {}\n\n  new_record: false\n','Couldn\'t find Post with ID=221\n/usr/local/lib/ruby/gems/1.8/gems/activerecord-2.0.2/lib/active_record/base.rb:1267:in `find_one\' /usr/local/lib/ruby/gems/1.8/gems/activerecord-2.0.2/lib/active_record/base.rb:1250:in `find_from_ids\' /usr/local/lib/ruby/gems/1.8/gems/activerecord-2.0.2/lib/active_record/base.rb:504:in `find\' /home/ochirov/project/social_network/trunk/app/models/user_mailer.rb:62:in `new_comment_notification\' /usr/local/lib/ruby/gems/1.8/gems/actionmailer-2.0.2/lib/action_mailer/base.rb:410:in `__send__\' /usr/local/lib/ruby/gems/1.8/gems/actionmailer-2.0.2/lib/action_mailer/base.rb:410:in `create!\' /usr/local/lib/ruby/gems/1.8/gems/actionmailer-2.0.2/lib/action_mailer/base.rb:403:in `initialize\' /usr/local/lib/ruby/gems/1.8/gems/actionmailer-2.0.2/lib/action_mailer/base.rb:352:in `new\' /usr/local/lib/ruby/gems/1.8/gems/actionmailer-2.0.2/lib/action_mailer/base.rb:352:in `method_missing\' /home/ochirov/project/social_network/trunk/lib/workers/notify_mashine.rb:6:in `new_comment\' /home/ochirov/project/social_network/trunk/vendor/plugins/background_fu/lib/job.rb:59:in `send!\' /home/ochirov/project/social_network/trunk/vendor/plugins/background_fu/lib/job.rb:59:in `invoke_worker\' /home/ochirov/project/social_network/trunk/vendor/plugins/background_fu/lib/job.rb:32:in `get_done!\' /home/ochirov/project/social_network/trunk/lib/daemons/background.rb:15 /home/ochirov/project/social_network/trunk/lib/daemons/background.rb:13:in `loop\' /home/ochirov/project/social_network/trunk/lib/daemons/background.rb:13 /usr/local/lib/ruby/gems/1.8/gems/daemons-1.0.10/lib/daemons/application.rb:176:in `load\' /usr/local/lib/ruby/gems/1.8/gems/daemons-1.0.10/lib/daemons/application.rb:176:in `start_load\' /usr/local/lib/ruby/gems/1.8/gems/daemons-1.0.10/lib/daemons/application.rb:257:in `start\' /usr/local/lib/ruby/gems/1.8/gems/daemons-1.0.10/lib/daemons/monitor.rb:51:in `watch\' /usr/local/lib/ruby/gems/1.8/gems/daemons-1.0.10/lib/daemons/monitor.rb:51:in `fork\' /usr/local/lib/ruby/gems/1.8/gems/daemons-1.0.10/lib/daemons/monitor.rb:51:in `watch\' /usr/local/lib/ruby/gems/1.8/gems/daemons-1.0.10/lib/daemons/monitor.rb:45:in `each\' /usr/local/lib/ruby/gems/1.8/gems/daemons-1.0.10/lib/daemons/monitor.rb:45:in `watch\' /usr/local/lib/ruby/gems/1.8/gems/daemons-1.0.10/lib/daemons/monitor.rb:44:in `loop\' /usr/local/lib/ruby/gems/1.8/gems/daemons-1.0.10/lib/daemons/monitor.rb:44:in `watch\' /usr/local/lib/ruby/gems/1.8/gems/daemons-1.0.10/lib/daemons/monitor.rb:84:in `start_with_pidfile\' /usr/local/lib/ruby/gems/1.8/gems/daemons-1.0.10/lib/daemons/monitor.rb:64:in `fork\' /usr/local/lib/ruby/gems/1.8/gems/daemons-1.0.10/lib/daemons/monitor.rb:64:in `start_with_pidfile\' /usr/local/lib/ruby/gems/1.8/gems/daemons-1.0.10/lib/daemons/monitor.rb:111:in `start\' /usr/local/lib/ruby/gems/1.8/gems/daemons-1.0.10/lib/daemons/application_group.rb:113:in `create_monitor\' /usr/local/lib/ruby/gems/1.8/gems/daemons-1.0.10/lib/daemons/application.rb:244:in `start\' /usr/local/lib/ruby/gems/1.8/gems/daemons-1.0.10/lib/daemons/controller.rb:69:in `run\' /usr/local/lib/ruby/gems/1.8/gems/daemons-1.0.10/lib/daemons.rb:139:in `run\' /usr/local/lib/ruby/gems/1.8/gems/daemons-1.0.10/lib/daemons/cmdline.rb:105:in `call\' /usr/local/lib/ruby/gems/1.8/gems/daemons-1.0.10/lib/daemons/cmdline.rb:105:in `catch_exceptions\' /usr/local/lib/ruby/gems/1.8/gems/daemons-1.0.10/lib/daemons.rb:138:in `run\' script/../lib/daemons/background_ctl:20',0,NULL,'failed',2,'2009-01-18 07:13:53','2009-01-19 20:30:15','2009-01-18 07:13:53','2009-01-19 20:30:15'),(81945,'NotifyMashine','new_comment','--- \n- &id002 !ruby/object:Comment \n  attributes: \n    updated_at: &id001 2009-01-18 07:14:04.101896 +00:00\n    post_id: 221\n    id: 18\n    content: my comment\n    user_id: \"1\"\n    position: 1\n    created_at: *id001\n  attributes_cache: {}\n\n  changed_attributes: {}\n\n  errors: !ruby/object:ActiveRecord::Errors \n    base: *id002\n    errors: {}\n\n  new_record: false\n','Couldn\'t find Post with ID=221\n/usr/local/lib/ruby/gems/1.8/gems/activerecord-2.0.2/lib/active_record/base.rb:1267:in `find_one\' /usr/local/lib/ruby/gems/1.8/gems/activerecord-2.0.2/lib/active_record/base.rb:1250:in `find_from_ids\' /usr/local/lib/ruby/gems/1.8/gems/activerecord-2.0.2/lib/active_record/base.rb:504:in `find\' /home/ochirov/project/social_network/trunk/app/models/user_mailer.rb:62:in `new_comment_notification\' /usr/local/lib/ruby/gems/1.8/gems/actionmailer-2.0.2/lib/action_mailer/base.rb:410:in `__send__\' /usr/local/lib/ruby/gems/1.8/gems/actionmailer-2.0.2/lib/action_mailer/base.rb:410:in `create!\' /usr/local/lib/ruby/gems/1.8/gems/actionmailer-2.0.2/lib/action_mailer/base.rb:403:in `initialize\' /usr/local/lib/ruby/gems/1.8/gems/actionmailer-2.0.2/lib/action_mailer/base.rb:352:in `new\' /usr/local/lib/ruby/gems/1.8/gems/actionmailer-2.0.2/lib/action_mailer/base.rb:352:in `method_missing\' /home/ochirov/project/social_network/trunk/lib/workers/notify_mashine.rb:6:in `new_comment\' /home/ochirov/project/social_network/trunk/vendor/plugins/background_fu/lib/job.rb:59:in `send!\' /home/ochirov/project/social_network/trunk/vendor/plugins/background_fu/lib/job.rb:59:in `invoke_worker\' /home/ochirov/project/social_network/trunk/vendor/plugins/background_fu/lib/job.rb:32:in `get_done!\' /home/ochirov/project/social_network/trunk/lib/daemons/background.rb:15 /home/ochirov/project/social_network/trunk/lib/daemons/background.rb:13:in `loop\' /home/ochirov/project/social_network/trunk/lib/daemons/background.rb:13 /usr/local/lib/ruby/gems/1.8/gems/daemons-1.0.10/lib/daemons/application.rb:176:in `load\' /usr/local/lib/ruby/gems/1.8/gems/daemons-1.0.10/lib/daemons/application.rb:176:in `start_load\' /usr/local/lib/ruby/gems/1.8/gems/daemons-1.0.10/lib/daemons/application.rb:257:in `start\' /usr/local/lib/ruby/gems/1.8/gems/daemons-1.0.10/lib/daemons/monitor.rb:51:in `watch\' /usr/local/lib/ruby/gems/1.8/gems/daemons-1.0.10/lib/daemons/monitor.rb:51:in `fork\' /usr/local/lib/ruby/gems/1.8/gems/daemons-1.0.10/lib/daemons/monitor.rb:51:in `watch\' /usr/local/lib/ruby/gems/1.8/gems/daemons-1.0.10/lib/daemons/monitor.rb:45:in `each\' /usr/local/lib/ruby/gems/1.8/gems/daemons-1.0.10/lib/daemons/monitor.rb:45:in `watch\' /usr/local/lib/ruby/gems/1.8/gems/daemons-1.0.10/lib/daemons/monitor.rb:44:in `loop\' /usr/local/lib/ruby/gems/1.8/gems/daemons-1.0.10/lib/daemons/monitor.rb:44:in `watch\' /usr/local/lib/ruby/gems/1.8/gems/daemons-1.0.10/lib/daemons/monitor.rb:84:in `start_with_pidfile\' /usr/local/lib/ruby/gems/1.8/gems/daemons-1.0.10/lib/daemons/monitor.rb:64:in `fork\' /usr/local/lib/ruby/gems/1.8/gems/daemons-1.0.10/lib/daemons/monitor.rb:64:in `start_with_pidfile\' /usr/local/lib/ruby/gems/1.8/gems/daemons-1.0.10/lib/daemons/monitor.rb:111:in `start\' /usr/local/lib/ruby/gems/1.8/gems/daemons-1.0.10/lib/daemons/application_group.rb:113:in `create_monitor\' /usr/local/lib/ruby/gems/1.8/gems/daemons-1.0.10/lib/daemons/application.rb:244:in `start\' /usr/local/lib/ruby/gems/1.8/gems/daemons-1.0.10/lib/daemons/controller.rb:69:in `run\' /usr/local/lib/ruby/gems/1.8/gems/daemons-1.0.10/lib/daemons.rb:139:in `run\' /usr/local/lib/ruby/gems/1.8/gems/daemons-1.0.10/lib/daemons/cmdline.rb:105:in `call\' /usr/local/lib/ruby/gems/1.8/gems/daemons-1.0.10/lib/daemons/cmdline.rb:105:in `catch_exceptions\' /usr/local/lib/ruby/gems/1.8/gems/daemons-1.0.10/lib/daemons.rb:138:in `run\' script/../lib/daemons/background_ctl:20',0,NULL,'failed',2,'2009-01-18 07:14:04','2009-01-19 20:30:15','2009-01-18 07:14:04','2009-01-19 20:30:15'),(81946,'RssReader','start_read','--- \n- 11\n','undefined method `call\' for RssReader:Class\n/home/ochirov/project/social_network/trunk/lib/workers/rss_reader.rb:3 /usr/local/lib/ruby/gems/1.8/gems/activesupport-2.0.2/lib/active_support/dependencies.rb:203:in `load_without_new_constant_marking\' /usr/local/lib/ruby/gems/1.8/gems/activesupport-2.0.2/lib/active_support/dependencies.rb:203:in `load_file\' /usr/local/lib/ruby/gems/1.8/gems/activesupport-2.0.2/lib/active_support/dependencies.rb:342:in `new_constants_in\' /usr/local/lib/ruby/gems/1.8/gems/activesupport-2.0.2/lib/active_support/dependencies.rb:202:in `load_file\' /usr/local/lib/ruby/gems/1.8/gems/activesupport-2.0.2/lib/active_support/dependencies.rb:94:in `require_or_load\' /usr/local/lib/ruby/gems/1.8/gems/activesupport-2.0.2/lib/active_support/dependencies.rb:248:in `load_missing_constant\' /usr/local/lib/ruby/gems/1.8/gems/activesupport-2.0.2/lib/active_support/dependencies.rb:453:in `const_missing\' /usr/local/lib/ruby/gems/1.8/gems/activesupport-2.0.2/lib/active_support/dependencies.rb:465:in `const_missing\' /usr/local/lib/ruby/gems/1.8/gems/activesupport-2.0.2/lib/active_support/inflector.rb:257:in `constantize\' /usr/local/lib/ruby/gems/1.8/gems/activesupport-2.0.2/lib/active_support/core_ext/string/inflections.rb:148:in `constantize\' /home/ochirov/project/social_network/trunk/vendor/plugins/background_fu/lib/job.rb:54:in `initialize_worker\' /home/ochirov/project/social_network/trunk/vendor/plugins/background_fu/lib/job.rb:31:in `get_done!\' /home/ochirov/project/social_network/trunk/lib/daemons/background.rb:15 /home/ochirov/project/social_network/trunk/lib/daemons/background.rb:13:in `loop\' /home/ochirov/project/social_network/trunk/lib/daemons/background.rb:13 /usr/local/lib/ruby/gems/1.8/gems/daemons-1.0.10/lib/daemons/application.rb:176:in `load\' /usr/local/lib/ruby/gems/1.8/gems/daemons-1.0.10/lib/daemons/application.rb:176:in `start_load\' /usr/local/lib/ruby/gems/1.8/gems/daemons-1.0.10/lib/daemons/application.rb:257:in `start\' /usr/local/lib/ruby/gems/1.8/gems/daemons-1.0.10/lib/daemons/monitor.rb:51:in `watch\' /usr/local/lib/ruby/gems/1.8/gems/daemons-1.0.10/lib/daemons/monitor.rb:51:in `fork\' /usr/local/lib/ruby/gems/1.8/gems/daemons-1.0.10/lib/daemons/monitor.rb:51:in `watch\' /usr/local/lib/ruby/gems/1.8/gems/daemons-1.0.10/lib/daemons/monitor.rb:45:in `each\' /usr/local/lib/ruby/gems/1.8/gems/daemons-1.0.10/lib/daemons/monitor.rb:45:in `watch\' /usr/local/lib/ruby/gems/1.8/gems/daemons-1.0.10/lib/daemons/monitor.rb:44:in `loop\' /usr/local/lib/ruby/gems/1.8/gems/daemons-1.0.10/lib/daemons/monitor.rb:44:in `watch\' /usr/local/lib/ruby/gems/1.8/gems/daemons-1.0.10/lib/daemons/monitor.rb:84:in `start_with_pidfile\' /usr/local/lib/ruby/gems/1.8/gems/daemons-1.0.10/lib/daemons/monitor.rb:64:in `fork\' /usr/local/lib/ruby/gems/1.8/gems/daemons-1.0.10/lib/daemons/monitor.rb:64:in `start_with_pidfile\' /usr/local/lib/ruby/gems/1.8/gems/daemons-1.0.10/lib/daemons/monitor.rb:111:in `start\' /usr/local/lib/ruby/gems/1.8/gems/daemons-1.0.10/lib/daemons/application_group.rb:113:in `create_monitor\' /usr/local/lib/ruby/gems/1.8/gems/daemons-1.0.10/lib/daemons/application.rb:244:in `start\' /usr/local/lib/ruby/gems/1.8/gems/daemons-1.0.10/lib/daemons/controller.rb:69:in `run\' /usr/local/lib/ruby/gems/1.8/gems/daemons-1.0.10/lib/daemons.rb:139:in `run\' /usr/local/lib/ruby/gems/1.8/gems/daemons-1.0.10/lib/daemons/cmdline.rb:105:in `call\' /usr/local/lib/ruby/gems/1.8/gems/daemons-1.0.10/lib/daemons/cmdline.rb:105:in `catch_exceptions\' /usr/local/lib/ruby/gems/1.8/gems/daemons-1.0.10/lib/daemons.rb:138:in `run\' script/../lib/daemons/background_ctl:20',0,NULL,'failed',2,'2009-01-18 16:38:04','2009-01-19 20:30:15','2009-01-18 16:38:04','2009-01-19 20:30:15'),(81950,'NotifyMashine','new_message','--- \n- 67\n','Couldn\'t find Message with ID=67\n/usr/local/lib/ruby/gems/1.8/gems/activerecord-2.0.2/lib/active_record/base.rb:1267:in `find_one\' /usr/local/lib/ruby/gems/1.8/gems/activerecord-2.0.2/lib/active_record/base.rb:1250:in `find_from_ids\' /usr/local/lib/ruby/gems/1.8/gems/activerecord-2.0.2/lib/active_record/base.rb:504:in `find\' /home/ochirov/project/social_network/trunk/lib/workers/notify_mashine.rb:18:in `new_message\' /home/ochirov/project/social_network/trunk/vendor/plugins/background_fu/lib/job.rb:59:in `send!\' /home/ochirov/project/social_network/trunk/vendor/plugins/background_fu/lib/job.rb:59:in `invoke_worker\' /home/ochirov/project/social_network/trunk/vendor/plugins/background_fu/lib/job.rb:32:in `get_done!\' /home/ochirov/project/social_network/trunk/lib/daemons/background.rb:15 /home/ochirov/project/social_network/trunk/lib/daemons/background.rb:13:in `loop\' /home/ochirov/project/social_network/trunk/lib/daemons/background.rb:13 /usr/local/lib/ruby/gems/1.8/gems/daemons-1.0.10/lib/daemons/application.rb:176:in `load\' /usr/local/lib/ruby/gems/1.8/gems/daemons-1.0.10/lib/daemons/application.rb:176:in `start_load\' /usr/local/lib/ruby/gems/1.8/gems/daemons-1.0.10/lib/daemons/application.rb:257:in `start\' /usr/local/lib/ruby/gems/1.8/gems/daemons-1.0.10/lib/daemons/monitor.rb:51:in `watch\' /usr/local/lib/ruby/gems/1.8/gems/daemons-1.0.10/lib/daemons/monitor.rb:51:in `fork\' /usr/local/lib/ruby/gems/1.8/gems/daemons-1.0.10/lib/daemons/monitor.rb:51:in `watch\' /usr/local/lib/ruby/gems/1.8/gems/daemons-1.0.10/lib/daemons/monitor.rb:45:in `each\' /usr/local/lib/ruby/gems/1.8/gems/daemons-1.0.10/lib/daemons/monitor.rb:45:in `watch\' /usr/local/lib/ruby/gems/1.8/gems/daemons-1.0.10/lib/daemons/monitor.rb:44:in `loop\' /usr/local/lib/ruby/gems/1.8/gems/daemons-1.0.10/lib/daemons/monitor.rb:44:in `watch\' /usr/local/lib/ruby/gems/1.8/gems/daemons-1.0.10/lib/daemons/monitor.rb:84:in `start_with_pidfile\' /usr/local/lib/ruby/gems/1.8/gems/daemons-1.0.10/lib/daemons/monitor.rb:64:in `fork\' /usr/local/lib/ruby/gems/1.8/gems/daemons-1.0.10/lib/daemons/monitor.rb:64:in `start_with_pidfile\' /usr/local/lib/ruby/gems/1.8/gems/daemons-1.0.10/lib/daemons/monitor.rb:111:in `start\' /usr/local/lib/ruby/gems/1.8/gems/daemons-1.0.10/lib/daemons/application_group.rb:113:in `create_monitor\' /usr/local/lib/ruby/gems/1.8/gems/daemons-1.0.10/lib/daemons/application.rb:244:in `start\' /usr/local/lib/ruby/gems/1.8/gems/daemons-1.0.10/lib/daemons/controller.rb:69:in `run\' /usr/local/lib/ruby/gems/1.8/gems/daemons-1.0.10/lib/daemons.rb:139:in `run\' /usr/local/lib/ruby/gems/1.8/gems/daemons-1.0.10/lib/daemons/cmdline.rb:105:in `call\' /usr/local/lib/ruby/gems/1.8/gems/daemons-1.0.10/lib/daemons/cmdline.rb:105:in `catch_exceptions\' /usr/local/lib/ruby/gems/1.8/gems/daemons-1.0.10/lib/daemons.rb:138:in `run\' script/../lib/daemons/background_ctl:20',0,NULL,'failed',2,'2009-01-19 09:08:03','2009-01-19 20:30:28','2009-01-19 09:08:03','2009-01-19 20:30:28'),(81995,'NotifyMashine','new_message','--- \n- 108\n','Couldn\'t find Message with ID=108\n/usr/local/lib/ruby/gems/1.8/gems/activerecord-2.0.2/lib/active_record/base.rb:1267:in `find_one\' /usr/local/lib/ruby/gems/1.8/gems/activerecord-2.0.2/lib/active_record/base.rb:1250:in `find_from_ids\' /usr/local/lib/ruby/gems/1.8/gems/activerecord-2.0.2/lib/active_record/base.rb:504:in `find\' /home/ochirov/project/social_network/trunk/lib/workers/notify_mashine.rb:16:in `new_message\' /home/ochirov/project/social_network/trunk/vendor/plugins/background_fu/lib/job.rb:59:in `send!\' /home/ochirov/project/social_network/trunk/vendor/plugins/background_fu/lib/job.rb:59:in `invoke_worker\' /home/ochirov/project/social_network/trunk/vendor/plugins/background_fu/lib/job.rb:32:in `get_done!\' /home/ochirov/project/social_network/trunk/lib/daemons/background.rb:15 /home/ochirov/project/social_network/trunk/lib/daemons/background.rb:13:in `loop\' /home/ochirov/project/social_network/trunk/lib/daemons/background.rb:13 /usr/local/lib/ruby/gems/1.8/gems/daemons-1.0.10/lib/daemons/application.rb:176:in `load\' /usr/local/lib/ruby/gems/1.8/gems/daemons-1.0.10/lib/daemons/application.rb:176:in `start_load\' /usr/local/lib/ruby/gems/1.8/gems/daemons-1.0.10/lib/daemons/application.rb:257:in `start\' /usr/local/lib/ruby/gems/1.8/gems/daemons-1.0.10/lib/daemons/monitor.rb:51:in `watch\' /usr/local/lib/ruby/gems/1.8/gems/daemons-1.0.10/lib/daemons/monitor.rb:51:in `fork\' /usr/local/lib/ruby/gems/1.8/gems/daemons-1.0.10/lib/daemons/monitor.rb:51:in `watch\' /usr/local/lib/ruby/gems/1.8/gems/daemons-1.0.10/lib/daemons/monitor.rb:45:in `each\' /usr/local/lib/ruby/gems/1.8/gems/daemons-1.0.10/lib/daemons/monitor.rb:45:in `watch\' /usr/local/lib/ruby/gems/1.8/gems/daemons-1.0.10/lib/daemons/monitor.rb:44:in `loop\' /usr/local/lib/ruby/gems/1.8/gems/daemons-1.0.10/lib/daemons/monitor.rb:44:in `watch\' /usr/local/lib/ruby/gems/1.8/gems/daemons-1.0.10/lib/daemons/monitor.rb:84:in `start_with_pidfile\' /usr/local/lib/ruby/gems/1.8/gems/daemons-1.0.10/lib/daemons/monitor.rb:64:in `fork\' /usr/local/lib/ruby/gems/1.8/gems/daemons-1.0.10/lib/daemons/monitor.rb:64:in `start_with_pidfile\' /usr/local/lib/ruby/gems/1.8/gems/daemons-1.0.10/lib/daemons/monitor.rb:111:in `start\' /usr/local/lib/ruby/gems/1.8/gems/daemons-1.0.10/lib/daemons/application_group.rb:113:in `create_monitor\' /usr/local/lib/ruby/gems/1.8/gems/daemons-1.0.10/lib/daemons/application.rb:244:in `start\' /usr/local/lib/ruby/gems/1.8/gems/daemons-1.0.10/lib/daemons/controller.rb:69:in `run\' /usr/local/lib/ruby/gems/1.8/gems/daemons-1.0.10/lib/daemons.rb:139:in `run\' /usr/local/lib/ruby/gems/1.8/gems/daemons-1.0.10/lib/daemons/cmdline.rb:105:in `call\' /usr/local/lib/ruby/gems/1.8/gems/daemons-1.0.10/lib/daemons/cmdline.rb:105:in `catch_exceptions\' /usr/local/lib/ruby/gems/1.8/gems/daemons-1.0.10/lib/daemons.rb:138:in `run\' script/../lib/daemons/background_ctl:20',0,NULL,'failed',2,'2009-01-21 19:37:45','2009-01-21 19:37:49','2009-01-21 19:37:45','2009-01-21 19:37:49'),(82003,'NotifyMashine','new_message','--- \n- 113\n','--- !ruby/object:TMail::Mail \nbody_parsed: true\nbody_port: !ruby/object:TMail::StringPort \n  buffer: \"\\xD0\\x94\\xD0\\xBE\\xD0\\xB1\\xD1\\x80\\xD0\\xBE\\xD0\\xB3\\xD0\\xBE \\xD0\\xB2\\xD1\\x80\\xD0\\xB5\\xD0\\xBC\\xD1\\x8F \\xD1\\x81\\xD1\\x83\\xD1\\x82\\xD0\\xBE\\xD0\\xBA, \\xD0\\xA6\\xD1\\x8B\\xD1\\x80\\xD0\\xB5\\xD0\\xBD \\xD0\\x9E\\xD1\\x87\\xD0\\xB8\\xD1\\x80\\xD0\\xBE\\xD0\\xB2!<br/><br/>\\n\\n\\\n    \\xD0\\xA6\\xD1\\x8B\\xD1\\x80\\xD0\\xB5\\xD0\\xBD \\xD0\\x9E\\xD1\\x87\\xD0\\xB8\\xD1\\x80\\xD0\\xBE\\xD0\\xB2 \\xD0\\xBF\\xD0\\xB8\\xD1\\x88\\xD0\\xB5\\xD1\\x82 c \\xD1\\x82\\xD0\\xB5\\xD0\\xBC\\xD0\\xBE\\xD0\\xB9 \\\"Re: \\xD0\\x9F\\xD1\\x80\\xD0\\xB8\\xD0\\xB2\\xD0\\xB5\\xD1\\x82\\\":<br/><br/>\\n\\n\\\n    sdfs<br/><br/>\\n\\n\\\n    \\xD0\\xA7\\xD1\\x82\\xD0\\xBE\\xD0\\xB1\\xD1\\x8B \\xD0\\xBF\\xD1\\x80\\xD0\\xBE\\xD1\\x87\\xD0\\xB8\\xD1\\x82\\xD0\\xB0\\xD1\\x82\\xD1\\x8C \\xD1\\x8D\\xD1\\x82\\xD0\\xBE \\xD0\\xBF\\xD0\\xB8\\xD1\\x81\\xD1\\x8C\\xD0\\xBC\\xD0\\xBE \\xD0\\xBF\\xD1\\x80\\xD0\\xBE\\xD0\\xB9\\xD0\\xB4\\xD0\\xB8\\xD1\\x82\\xD0\\xB5 \\xD0\\xBF\\xD0\\xBE \\xD1\\x81\\xD1\\x81\\xD1\\x8B\\xD0\\xBB\\xD0\\xBA\\xD0\\xB5 http://i-lab.nsu.ru/social_network/messages/view/113.<br/><br/>\\n\\n\\\n    --<br/> \\xD0\\x92\\xD1\\x81\\xD0\\xB5\\xD0\\xB3\\xD0\\xBE \\xD0\\xBD\\xD0\\xB0\\xD0\\xB8\\xD0\\xBB\\xD1\\x83\\xD1\\x87\\xD1\\x88\\xD0\\xB5\\xD0\\xB3\\xD0\\xBE, \\xD0\\xBA\\xD0\\xBE\\xD0\\xBC\\xD0\\xB0\\xD0\\xBD\\xD0\\xB4\\xD0\\xB0 My NSU.\\xEF\\xBB\\xBF \"\nconfig: &id001 !ruby/object:TMail::Config \n  strict_base64decode: false\n  strict_parse: false\nepilogue: \"\"\nheader: \n  message-id: !ruby/object:TMail::MessageIdHeader \n    body: <499c0d00ae7e4_6d9..fdbeaf38419a@bro.tmail>\n    comments: []\n\n    config: *id001\n    id: <499c0d00ae7e4_6d9..fdbeaf38419a@bro.tmail>\n    illegal: false\n    parsed: true\n  mime-version: !ruby/object:TMail::MimeVersionHeader \n    body: \"1.0\"\n    comments: []\n\n    config: *id001\n    illegal: false\n    major: 1\n    minor: 0\n    parsed: true\n  content-type: !ruby/object:TMail::ContentTypeHeader \n    body: text/html\n    comments: []\n\n    config: *id001\n    illegal: false\n    main: text\n    params: \n      charset: utf-8\n    parsed: true\n    sub: html\n  date: !ruby/object:TMail::DateTimeHeader \n    body: Wed, 18 Feb 2009 13:28:32 +0000\n    comments: []\n\n    config: *id001\n    date: 2009-02-18 13:28:32 +00:00\n    illegal: false\n    parsed: true\n  from: !ruby/object:TMail::AddressHeader \n    addrs: \n    - !ruby/object:TMail::Address \n      domain: \n      - gmail\n      - com\n      local: \n      - nsu1team\n      name: \n      routes: []\n\n    body: nsu1team@gmail.com\n    comments: []\n\n    config: *id001\n    illegal: false\n    parsed: true\n  to: !ruby/object:TMail::AddressHeader \n    addrs: \n    - !ruby/object:TMail::Address \n      domain: \n      - gmail\n      - com\n      local: \n      - nsu1team\n      name: \n      routes: []\n\n    body: nsu1team@gmail.com\n    comments: []\n\n    config: *id001\n    illegal: false\n    parsed: true\n  subject: !ruby/object:TMail::UnstructuredHeader \n    body: =?utf-8?Q?=5bMy_NSU=5d=d0=92=d0=b0=d0=bc_=d0=bf=d1=80=d0=b8=d1=88=d0=bb=d0=be_=d0=bb=d0=b8=d1=87=d0=bd=d0=be=d0=b5_=d1=81=d0=be=d0=be=d0=b1=d1=89=d0=b5=d0=bd=d0=b8=d0=b5_=d0=be=d1=82_=d0=a6=d1=8b=d1=80=d0=b5=d0=bd_=d0=9e=d1=87=d0=b8=d1=80=d0=be=d0=b2?=\n    config: *id001\n    illegal: false\n    parsed: true\nparts: []\n\nport: !ruby/object:TMail::StringPort \n  buffer: \"\"\n',0,NULL,'finished',2,'2009-02-18 13:28:30','2009-02-18 13:28:32','2009-02-18 13:28:30','2009-02-18 13:28:41'),(82004,'NotifyMashine','new_message','--- \n- 114\n','--- !ruby/object:TMail::Mail \nbody_parsed: true\nbody_port: !ruby/object:TMail::StringPort \n  buffer: \"\\xD0\\x94\\xD0\\xBE\\xD0\\xB1\\xD1\\x80\\xD0\\xBE\\xD0\\xB3\\xD0\\xBE \\xD0\\xB2\\xD1\\x80\\xD0\\xB5\\xD0\\xBC\\xD1\\x8F \\xD1\\x81\\xD1\\x83\\xD1\\x82\\xD0\\xBE\\xD0\\xBA, \\xD0\\xA6\\xD1\\x8B\\xD1\\x80\\xD0\\xB5\\xD0\\xBD \\xD0\\x9E\\xD1\\x87\\xD0\\xB8\\xD1\\x80\\xD0\\xBE\\xD0\\xB2!<br/><br/>\\n\\n\\\n    \\xD0\\x92\\xD0\\xB0\\xD1\\x81\\xD0\\xB8\\xD0\\xBB\\xD0\\xB8\\xD0\\xB9 \\xD0\\x9F\\xD1\\x83\\xD0\\xBF\\xD0\\xBA\\xD0\\xB8\\xD0\\xBD \\xD0\\xBF\\xD0\\xB8\\xD1\\x88\\xD0\\xB5\\xD1\\x82 c \\xD1\\x82\\xD0\\xB5\\xD0\\xBC\\xD0\\xBE\\xD0\\xB9 \\\"tset\\\":<br/><br/>\\n\\n\\\n    setset<br/><br/>\\n\\n\\\n    \\xD0\\xA7\\xD1\\x82\\xD0\\xBE\\xD0\\xB1\\xD1\\x8B \\xD0\\xBF\\xD1\\x80\\xD0\\xBE\\xD1\\x87\\xD0\\xB8\\xD1\\x82\\xD0\\xB0\\xD1\\x82\\xD1\\x8C \\xD1\\x8D\\xD1\\x82\\xD0\\xBE \\xD0\\xBF\\xD0\\xB8\\xD1\\x81\\xD1\\x8C\\xD0\\xBC\\xD0\\xBE \\xD0\\xBF\\xD1\\x80\\xD0\\xBE\\xD0\\xB9\\xD0\\xB4\\xD0\\xB8\\xD1\\x82\\xD0\\xB5 \\xD0\\xBF\\xD0\\xBE \\xD1\\x81\\xD1\\x81\\xD1\\x8B\\xD0\\xBB\\xD0\\xBA\\xD0\\xB5 http://i-lab.nsu.ru/social_network/messages/view/114.<br/><br/>\\n\\n\\\n    --<br/> \\xD0\\x92\\xD1\\x81\\xD0\\xB5\\xD0\\xB3\\xD0\\xBE \\xD0\\xBD\\xD0\\xB0\\xD0\\xB8\\xD0\\xBB\\xD1\\x83\\xD1\\x87\\xD1\\x88\\xD0\\xB5\\xD0\\xB3\\xD0\\xBE, \\xD0\\xBA\\xD0\\xBE\\xD0\\xBC\\xD0\\xB0\\xD0\\xBD\\xD0\\xB4\\xD0\\xB0 My NSU.\\xEF\\xBB\\xBF \"\nconfig: &id001 !ruby/object:TMail::Config \n  strict_base64decode: false\n  strict_parse: false\nepilogue: \"\"\nheader: \n  message-id: !ruby/object:TMail::MessageIdHeader \n    body: <49a1cdfde7c94_12b9..fdbeaf3843d6@bro.tmail>\n    comments: []\n\n    config: *id001\n    id: <49a1cdfde7c94_12b9..fdbeaf3843d6@bro.tmail>\n    illegal: false\n    parsed: true\n  mime-version: !ruby/object:TMail::MimeVersionHeader \n    body: \"1.0\"\n    comments: []\n\n    config: *id001\n    illegal: false\n    major: 1\n    minor: 0\n    parsed: true\n  content-type: !ruby/object:TMail::ContentTypeHeader \n    body: text/html\n    comments: []\n\n    config: *id001\n    illegal: false\n    main: text\n    params: \n      charset: utf-8\n    parsed: true\n    sub: html\n  date: !ruby/object:TMail::DateTimeHeader \n    body: Sun, 22 Feb 2009 22:13:17 +0000\n    comments: []\n\n    config: *id001\n    date: 2009-02-22 22:13:17 +00:00\n    illegal: false\n    parsed: true\n  from: !ruby/object:TMail::AddressHeader \n    addrs: \n    - !ruby/object:TMail::Address \n      domain: \n      - gmail\n      - com\n      local: \n      - nsu1team\n      name: \n      routes: []\n\n    body: nsu1team@gmail.com\n    comments: []\n\n    config: *id001\n    illegal: false\n    parsed: true\n  to: !ruby/object:TMail::AddressHeader \n    addrs: \n    - !ruby/object:TMail::Address \n      domain: \n      - gmail\n      - com\n      local: \n      - nsu1team\n      name: \n      routes: []\n\n    body: nsu1team@gmail.com\n    comments: []\n\n    config: *id001\n    illegal: false\n    parsed: true\n  subject: !ruby/object:TMail::UnstructuredHeader \n    body: =?utf-8?Q?=5bMy_NSU=5d=d0=92=d0=b0=d0=bc_=d0=bf=d1=80=d0=b8=d1=88=d0=bb=d0=be_=d0=bb=d0=b8=d1=87=d0=bd=d0=be=d0=b5_=d1=81=d0=be=d0=be=d0=b1=d1=89=d0=b5=d0=bd=d0=b8=d0=b5_=d0=be=d1=82_=d0=92=d0=b0=d1=81=d0=b8=d0=bb=d0=b8=d0=b9_=d0=9f=d1=83=d0=bf=d0=ba=d0=b8=d0=bd?=\n    config: *id001\n    illegal: false\n    parsed: true\nparts: []\n\nport: !ruby/object:TMail::StringPort \n  buffer: \"\"\n',0,NULL,'finished',2,'2009-02-22 22:13:16','2009-02-22 22:13:17','2009-02-22 22:13:16','2009-02-22 22:13:22'),(82005,'NotifyMashine','new_comment','--- \n- &id002 !ruby/object:Comment \n  attributes: \n    updated_at: &id001 2009-02-23 00:56:40.673169 +00:00\n    post_id: 234\n    id: 29\n    content: asdasd\n    user_id: \"4\"\n    position: 1\n    created_at: *id001\n  attributes_cache: {}\n\n  errors: !ruby/object:ActiveRecord::Errors \n    base: *id002\n    errors: {}\n\n  new_record: false\n','uninitialized constant NotifyMashine::Subscribe\n/usr/local/lib/ruby/gems/1.8/gems/activesupport-2.0.2/lib/active_support/dependencies.rb:478:in `const_missing\' /home/ochirov/project/social_network/trunk/lib/workers/notify_mashine.rb:8:in `new_comment\' /home/ochirov/project/social_network/trunk/vendor/plugins/background_fu/lib/job.rb:59:in `send!\' /home/ochirov/project/social_network/trunk/vendor/plugins/background_fu/lib/job.rb:59:in `invoke_worker\' /home/ochirov/project/social_network/trunk/vendor/plugins/background_fu/lib/job.rb:32:in `get_done!\' /home/ochirov/project/social_network/trunk/lib/daemons/background.rb:15 /home/ochirov/project/social_network/trunk/lib/daemons/background.rb:13:in `loop\' /home/ochirov/project/social_network/trunk/lib/daemons/background.rb:13 /usr/local/lib/ruby/gems/1.8/gems/daemons-1.0.10/lib/daemons/application.rb:176:in `load\' /usr/local/lib/ruby/gems/1.8/gems/daemons-1.0.10/lib/daemons/application.rb:176:in `start_load\' /usr/local/lib/ruby/gems/1.8/gems/daemons-1.0.10/lib/daemons/application.rb:257:in `start\' /usr/local/lib/ruby/gems/1.8/gems/daemons-1.0.10/lib/daemons/monitor.rb:51:in `watch\' /usr/local/lib/ruby/gems/1.8/gems/daemons-1.0.10/lib/daemons/monitor.rb:51:in `fork\' /usr/local/lib/ruby/gems/1.8/gems/daemons-1.0.10/lib/daemons/monitor.rb:51:in `watch\' /usr/local/lib/ruby/gems/1.8/gems/daemons-1.0.10/lib/daemons/monitor.rb:45:in `each\' /usr/local/lib/ruby/gems/1.8/gems/daemons-1.0.10/lib/daemons/monitor.rb:45:in `watch\' /usr/local/lib/ruby/gems/1.8/gems/daemons-1.0.10/lib/daemons/monitor.rb:44:in `loop\' /usr/local/lib/ruby/gems/1.8/gems/daemons-1.0.10/lib/daemons/monitor.rb:44:in `watch\' /usr/local/lib/ruby/gems/1.8/gems/daemons-1.0.10/lib/daemons/monitor.rb:84:in `start_with_pidfile\' /usr/local/lib/ruby/gems/1.8/gems/daemons-1.0.10/lib/daemons/monitor.rb:64:in `fork\' /usr/local/lib/ruby/gems/1.8/gems/daemons-1.0.10/lib/daemons/monitor.rb:64:in `start_with_pidfile\' /usr/local/lib/ruby/gems/1.8/gems/daemons-1.0.10/lib/daemons/monitor.rb:111:in `start\' /usr/local/lib/ruby/gems/1.8/gems/daemons-1.0.10/lib/daemons/application_group.rb:113:in `create_monitor\' /usr/local/lib/ruby/gems/1.8/gems/daemons-1.0.10/lib/daemons/application.rb:244:in `start\' /usr/local/lib/ruby/gems/1.8/gems/daemons-1.0.10/lib/daemons/controller.rb:69:in `run\' /usr/local/lib/ruby/gems/1.8/gems/daemons-1.0.10/lib/daemons.rb:139:in `run\' /usr/local/lib/ruby/gems/1.8/gems/daemons-1.0.10/lib/daemons/cmdline.rb:105:in `call\' /usr/local/lib/ruby/gems/1.8/gems/daemons-1.0.10/lib/daemons/cmdline.rb:105:in `catch_exceptions\' /usr/local/lib/ruby/gems/1.8/gems/daemons-1.0.10/lib/daemons.rb:138:in `run\' script/../lib/daemons/background_ctl:20',0,NULL,'failed',2,'2009-02-23 00:56:40','2009-02-23 00:56:41','2009-02-23 00:56:40','2009-02-23 00:56:45'),(82006,'NotifyMashine','new_comment','--- \n- &id002 !ruby/object:Comment \n  attributes: \n    updated_at: &id001 2009-02-23 00:56:43.356377 +00:00\n    post_id: 234\n    id: 30\n    content: asdasd\n    user_id: \"4\"\n    position: 1\n    created_at: *id001\n  attributes_cache: {}\n\n  errors: !ruby/object:ActiveRecord::Errors \n    base: *id002\n    errors: {}\n\n  new_record: false\n','uninitialized constant NotifyMashine::Subscribe\n/usr/local/lib/ruby/gems/1.8/gems/activesupport-2.0.2/lib/active_support/dependencies.rb:478:in `const_missing\' /home/ochirov/project/social_network/trunk/lib/workers/notify_mashine.rb:8:in `new_comment\' /home/ochirov/project/social_network/trunk/vendor/plugins/background_fu/lib/job.rb:59:in `send!\' /home/ochirov/project/social_network/trunk/vendor/plugins/background_fu/lib/job.rb:59:in `invoke_worker\' /home/ochirov/project/social_network/trunk/vendor/plugins/background_fu/lib/job.rb:32:in `get_done!\' /home/ochirov/project/social_network/trunk/lib/daemons/background.rb:15 /home/ochirov/project/social_network/trunk/lib/daemons/background.rb:13:in `loop\' /home/ochirov/project/social_network/trunk/lib/daemons/background.rb:13 /usr/local/lib/ruby/gems/1.8/gems/daemons-1.0.10/lib/daemons/application.rb:176:in `load\' /usr/local/lib/ruby/gems/1.8/gems/daemons-1.0.10/lib/daemons/application.rb:176:in `start_load\' /usr/local/lib/ruby/gems/1.8/gems/daemons-1.0.10/lib/daemons/application.rb:257:in `start\' /usr/local/lib/ruby/gems/1.8/gems/daemons-1.0.10/lib/daemons/monitor.rb:51:in `watch\' /usr/local/lib/ruby/gems/1.8/gems/daemons-1.0.10/lib/daemons/monitor.rb:51:in `fork\' /usr/local/lib/ruby/gems/1.8/gems/daemons-1.0.10/lib/daemons/monitor.rb:51:in `watch\' /usr/local/lib/ruby/gems/1.8/gems/daemons-1.0.10/lib/daemons/monitor.rb:45:in `each\' /usr/local/lib/ruby/gems/1.8/gems/daemons-1.0.10/lib/daemons/monitor.rb:45:in `watch\' /usr/local/lib/ruby/gems/1.8/gems/daemons-1.0.10/lib/daemons/monitor.rb:44:in `loop\' /usr/local/lib/ruby/gems/1.8/gems/daemons-1.0.10/lib/daemons/monitor.rb:44:in `watch\' /usr/local/lib/ruby/gems/1.8/gems/daemons-1.0.10/lib/daemons/monitor.rb:84:in `start_with_pidfile\' /usr/local/lib/ruby/gems/1.8/gems/daemons-1.0.10/lib/daemons/monitor.rb:64:in `fork\' /usr/local/lib/ruby/gems/1.8/gems/daemons-1.0.10/lib/daemons/monitor.rb:64:in `start_with_pidfile\' /usr/local/lib/ruby/gems/1.8/gems/daemons-1.0.10/lib/daemons/monitor.rb:111:in `start\' /usr/local/lib/ruby/gems/1.8/gems/daemons-1.0.10/lib/daemons/application_group.rb:113:in `create_monitor\' /usr/local/lib/ruby/gems/1.8/gems/daemons-1.0.10/lib/daemons/application.rb:244:in `start\' /usr/local/lib/ruby/gems/1.8/gems/daemons-1.0.10/lib/daemons/controller.rb:69:in `run\' /usr/local/lib/ruby/gems/1.8/gems/daemons-1.0.10/lib/daemons.rb:139:in `run\' /usr/local/lib/ruby/gems/1.8/gems/daemons-1.0.10/lib/daemons/cmdline.rb:105:in `call\' /usr/local/lib/ruby/gems/1.8/gems/daemons-1.0.10/lib/daemons/cmdline.rb:105:in `catch_exceptions\' /usr/local/lib/ruby/gems/1.8/gems/daemons-1.0.10/lib/daemons.rb:138:in `run\' script/../lib/daemons/background_ctl:20',0,NULL,'failed',2,'2009-02-23 00:56:43','2009-02-23 00:56:45','2009-02-23 00:56:43','2009-02-23 00:56:49'),(82007,'NotifyMashine','new_comment','--- \n- &id002 !ruby/object:Comment \n  attributes: \n    updated_at: &id001 2009-02-23 00:56:45.047114 +00:00\n    post_id: 234\n    id: 31\n    content: asdasd\n    user_id: \"4\"\n    position: 1\n    created_at: *id001\n  attributes_cache: {}\n\n  errors: !ruby/object:ActiveRecord::Errors \n    base: *id002\n    errors: {}\n\n  new_record: false\n','uninitialized constant NotifyMashine::Subscribe\n/usr/local/lib/ruby/gems/1.8/gems/activesupport-2.0.2/lib/active_support/dependencies.rb:478:in `const_missing\' /home/ochirov/project/social_network/trunk/lib/workers/notify_mashine.rb:8:in `new_comment\' /home/ochirov/project/social_network/trunk/vendor/plugins/background_fu/lib/job.rb:59:in `send!\' /home/ochirov/project/social_network/trunk/vendor/plugins/background_fu/lib/job.rb:59:in `invoke_worker\' /home/ochirov/project/social_network/trunk/vendor/plugins/background_fu/lib/job.rb:32:in `get_done!\' /home/ochirov/project/social_network/trunk/lib/daemons/background.rb:15 /home/ochirov/project/social_network/trunk/lib/daemons/background.rb:13:in `loop\' /home/ochirov/project/social_network/trunk/lib/daemons/background.rb:13 /usr/local/lib/ruby/gems/1.8/gems/daemons-1.0.10/lib/daemons/application.rb:176:in `load\' /usr/local/lib/ruby/gems/1.8/gems/daemons-1.0.10/lib/daemons/application.rb:176:in `start_load\' /usr/local/lib/ruby/gems/1.8/gems/daemons-1.0.10/lib/daemons/application.rb:257:in `start\' /usr/local/lib/ruby/gems/1.8/gems/daemons-1.0.10/lib/daemons/monitor.rb:51:in `watch\' /usr/local/lib/ruby/gems/1.8/gems/daemons-1.0.10/lib/daemons/monitor.rb:51:in `fork\' /usr/local/lib/ruby/gems/1.8/gems/daemons-1.0.10/lib/daemons/monitor.rb:51:in `watch\' /usr/local/lib/ruby/gems/1.8/gems/daemons-1.0.10/lib/daemons/monitor.rb:45:in `each\' /usr/local/lib/ruby/gems/1.8/gems/daemons-1.0.10/lib/daemons/monitor.rb:45:in `watch\' /usr/local/lib/ruby/gems/1.8/gems/daemons-1.0.10/lib/daemons/monitor.rb:44:in `loop\' /usr/local/lib/ruby/gems/1.8/gems/daemons-1.0.10/lib/daemons/monitor.rb:44:in `watch\' /usr/local/lib/ruby/gems/1.8/gems/daemons-1.0.10/lib/daemons/monitor.rb:84:in `start_with_pidfile\' /usr/local/lib/ruby/gems/1.8/gems/daemons-1.0.10/lib/daemons/monitor.rb:64:in `fork\' /usr/local/lib/ruby/gems/1.8/gems/daemons-1.0.10/lib/daemons/monitor.rb:64:in `start_with_pidfile\' /usr/local/lib/ruby/gems/1.8/gems/daemons-1.0.10/lib/daemons/monitor.rb:111:in `start\' /usr/local/lib/ruby/gems/1.8/gems/daemons-1.0.10/lib/daemons/application_group.rb:113:in `create_monitor\' /usr/local/lib/ruby/gems/1.8/gems/daemons-1.0.10/lib/daemons/application.rb:244:in `start\' /usr/local/lib/ruby/gems/1.8/gems/daemons-1.0.10/lib/daemons/controller.rb:69:in `run\' /usr/local/lib/ruby/gems/1.8/gems/daemons-1.0.10/lib/daemons.rb:139:in `run\' /usr/local/lib/ruby/gems/1.8/gems/daemons-1.0.10/lib/daemons/cmdline.rb:105:in `call\' /usr/local/lib/ruby/gems/1.8/gems/daemons-1.0.10/lib/daemons/cmdline.rb:105:in `catch_exceptions\' /usr/local/lib/ruby/gems/1.8/gems/daemons-1.0.10/lib/daemons.rb:138:in `run\' script/../lib/daemons/background_ctl:20',0,NULL,'failed',2,'2009-02-23 00:56:45','2009-02-23 00:56:49','2009-02-23 00:56:45','2009-02-23 00:56:51'),(82008,'NotifyMashine','new_comment','--- \n- &id002 !ruby/object:Comment \n  attributes: \n    updated_at: &id001 2009-02-23 00:56:47.188340 +00:00\n    post_id: 234\n    id: 32\n    content: asdasdasd\n    user_id: \"4\"\n    position: 1\n    created_at: *id001\n  attributes_cache: {}\n\n  errors: !ruby/object:ActiveRecord::Errors \n    base: *id002\n    errors: {}\n\n  new_record: false\n','uninitialized constant NotifyMashine::Subscribe\n/usr/local/lib/ruby/gems/1.8/gems/activesupport-2.0.2/lib/active_support/dependencies.rb:478:in `const_missing\' /home/ochirov/project/social_network/trunk/lib/workers/notify_mashine.rb:8:in `new_comment\' /home/ochirov/project/social_network/trunk/vendor/plugins/background_fu/lib/job.rb:59:in `send!\' /home/ochirov/project/social_network/trunk/vendor/plugins/background_fu/lib/job.rb:59:in `invoke_worker\' /home/ochirov/project/social_network/trunk/vendor/plugins/background_fu/lib/job.rb:32:in `get_done!\' /home/ochirov/project/social_network/trunk/lib/daemons/background.rb:15 /home/ochirov/project/social_network/trunk/lib/daemons/background.rb:13:in `loop\' /home/ochirov/project/social_network/trunk/lib/daemons/background.rb:13 /usr/local/lib/ruby/gems/1.8/gems/daemons-1.0.10/lib/daemons/application.rb:176:in `load\' /usr/local/lib/ruby/gems/1.8/gems/daemons-1.0.10/lib/daemons/application.rb:176:in `start_load\' /usr/local/lib/ruby/gems/1.8/gems/daemons-1.0.10/lib/daemons/application.rb:257:in `start\' /usr/local/lib/ruby/gems/1.8/gems/daemons-1.0.10/lib/daemons/monitor.rb:51:in `watch\' /usr/local/lib/ruby/gems/1.8/gems/daemons-1.0.10/lib/daemons/monitor.rb:51:in `fork\' /usr/local/lib/ruby/gems/1.8/gems/daemons-1.0.10/lib/daemons/monitor.rb:51:in `watch\' /usr/local/lib/ruby/gems/1.8/gems/daemons-1.0.10/lib/daemons/monitor.rb:45:in `each\' /usr/local/lib/ruby/gems/1.8/gems/daemons-1.0.10/lib/daemons/monitor.rb:45:in `watch\' /usr/local/lib/ruby/gems/1.8/gems/daemons-1.0.10/lib/daemons/monitor.rb:44:in `loop\' /usr/local/lib/ruby/gems/1.8/gems/daemons-1.0.10/lib/daemons/monitor.rb:44:in `watch\' /usr/local/lib/ruby/gems/1.8/gems/daemons-1.0.10/lib/daemons/monitor.rb:84:in `start_with_pidfile\' /usr/local/lib/ruby/gems/1.8/gems/daemons-1.0.10/lib/daemons/monitor.rb:64:in `fork\' /usr/local/lib/ruby/gems/1.8/gems/daemons-1.0.10/lib/daemons/monitor.rb:64:in `start_with_pidfile\' /usr/local/lib/ruby/gems/1.8/gems/daemons-1.0.10/lib/daemons/monitor.rb:111:in `start\' /usr/local/lib/ruby/gems/1.8/gems/daemons-1.0.10/lib/daemons/application_group.rb:113:in `create_monitor\' /usr/local/lib/ruby/gems/1.8/gems/daemons-1.0.10/lib/daemons/application.rb:244:in `start\' /usr/local/lib/ruby/gems/1.8/gems/daemons-1.0.10/lib/daemons/controller.rb:69:in `run\' /usr/local/lib/ruby/gems/1.8/gems/daemons-1.0.10/lib/daemons.rb:139:in `run\' /usr/local/lib/ruby/gems/1.8/gems/daemons-1.0.10/lib/daemons/cmdline.rb:105:in `call\' /usr/local/lib/ruby/gems/1.8/gems/daemons-1.0.10/lib/daemons/cmdline.rb:105:in `catch_exceptions\' /usr/local/lib/ruby/gems/1.8/gems/daemons-1.0.10/lib/daemons.rb:138:in `run\' script/../lib/daemons/background_ctl:20',0,NULL,'failed',2,'2009-02-23 00:56:47','2009-02-23 00:56:52','2009-02-23 00:56:47','2009-02-23 00:56:54'),(82009,'NotifyMashine','new_comment','--- \n- &id002 !ruby/object:Comment \n  attributes: \n    updated_at: &id001 2009-02-23 00:56:49.286748 +00:00\n    post_id: 234\n    id: 33\n    content: asdasdasd\n    user_id: \"4\"\n    position: 1\n    created_at: *id001\n  attributes_cache: {}\n\n  errors: !ruby/object:ActiveRecord::Errors \n    base: *id002\n    errors: {}\n\n  new_record: false\n','uninitialized constant NotifyMashine::Subscribe\n/usr/local/lib/ruby/gems/1.8/gems/activesupport-2.0.2/lib/active_support/dependencies.rb:478:in `const_missing\' /home/ochirov/project/social_network/trunk/lib/workers/notify_mashine.rb:8:in `new_comment\' /home/ochirov/project/social_network/trunk/vendor/plugins/background_fu/lib/job.rb:59:in `send!\' /home/ochirov/project/social_network/trunk/vendor/plugins/background_fu/lib/job.rb:59:in `invoke_worker\' /home/ochirov/project/social_network/trunk/vendor/plugins/background_fu/lib/job.rb:32:in `get_done!\' /home/ochirov/project/social_network/trunk/lib/daemons/background.rb:15 /home/ochirov/project/social_network/trunk/lib/daemons/background.rb:13:in `loop\' /home/ochirov/project/social_network/trunk/lib/daemons/background.rb:13 /usr/local/lib/ruby/gems/1.8/gems/daemons-1.0.10/lib/daemons/application.rb:176:in `load\' /usr/local/lib/ruby/gems/1.8/gems/daemons-1.0.10/lib/daemons/application.rb:176:in `start_load\' /usr/local/lib/ruby/gems/1.8/gems/daemons-1.0.10/lib/daemons/application.rb:257:in `start\' /usr/local/lib/ruby/gems/1.8/gems/daemons-1.0.10/lib/daemons/monitor.rb:51:in `watch\' /usr/local/lib/ruby/gems/1.8/gems/daemons-1.0.10/lib/daemons/monitor.rb:51:in `fork\' /usr/local/lib/ruby/gems/1.8/gems/daemons-1.0.10/lib/daemons/monitor.rb:51:in `watch\' /usr/local/lib/ruby/gems/1.8/gems/daemons-1.0.10/lib/daemons/monitor.rb:45:in `each\' /usr/local/lib/ruby/gems/1.8/gems/daemons-1.0.10/lib/daemons/monitor.rb:45:in `watch\' /usr/local/lib/ruby/gems/1.8/gems/daemons-1.0.10/lib/daemons/monitor.rb:44:in `loop\' /usr/local/lib/ruby/gems/1.8/gems/daemons-1.0.10/lib/daemons/monitor.rb:44:in `watch\' /usr/local/lib/ruby/gems/1.8/gems/daemons-1.0.10/lib/daemons/monitor.rb:84:in `start_with_pidfile\' /usr/local/lib/ruby/gems/1.8/gems/daemons-1.0.10/lib/daemons/monitor.rb:64:in `fork\' /usr/local/lib/ruby/gems/1.8/gems/daemons-1.0.10/lib/daemons/monitor.rb:64:in `start_with_pidfile\' /usr/local/lib/ruby/gems/1.8/gems/daemons-1.0.10/lib/daemons/monitor.rb:111:in `start\' /usr/local/lib/ruby/gems/1.8/gems/daemons-1.0.10/lib/daemons/application_group.rb:113:in `create_monitor\' /usr/local/lib/ruby/gems/1.8/gems/daemons-1.0.10/lib/daemons/application.rb:244:in `start\' /usr/local/lib/ruby/gems/1.8/gems/daemons-1.0.10/lib/daemons/controller.rb:69:in `run\' /usr/local/lib/ruby/gems/1.8/gems/daemons-1.0.10/lib/daemons.rb:139:in `run\' /usr/local/lib/ruby/gems/1.8/gems/daemons-1.0.10/lib/daemons/cmdline.rb:105:in `call\' /usr/local/lib/ruby/gems/1.8/gems/daemons-1.0.10/lib/daemons/cmdline.rb:105:in `catch_exceptions\' /usr/local/lib/ruby/gems/1.8/gems/daemons-1.0.10/lib/daemons.rb:138:in `run\' script/../lib/daemons/background_ctl:20',0,NULL,'failed',2,'2009-02-23 00:56:49','2009-02-23 00:56:54','2009-02-23 00:56:49','2009-02-23 00:56:57'),(82010,'NotifyMashine','new_comment','--- \n- &id002 !ruby/object:Comment \n  attributes: \n    updated_at: &id001 2009-02-23 07:43:14.688413 +00:00\n    post_id: 234\n    id: 34\n    content: asdasd\n    user_id: \"1\"\n    position: 1\n    created_at: *id001\n  attributes_cache: {}\n\n  errors: !ruby/object:ActiveRecord::Errors \n    base: *id002\n    errors: {}\n\n  new_record: false\n','uninitialized constant NotifyMashine::Subscribe\n/usr/local/lib/ruby/gems/1.8/gems/activesupport-2.0.2/lib/active_support/dependencies.rb:478:in `const_missing\' /home/ochirov/project/social_network/trunk/lib/workers/notify_mashine.rb:8:in `new_comment\' /home/ochirov/project/social_network/trunk/vendor/plugins/background_fu/lib/job.rb:59:in `send!\' /home/ochirov/project/social_network/trunk/vendor/plugins/background_fu/lib/job.rb:59:in `invoke_worker\' /home/ochirov/project/social_network/trunk/vendor/plugins/background_fu/lib/job.rb:32:in `get_done!\' /home/ochirov/project/social_network/trunk/lib/daemons/background.rb:15 /home/ochirov/project/social_network/trunk/lib/daemons/background.rb:13:in `loop\' /home/ochirov/project/social_network/trunk/lib/daemons/background.rb:13 /usr/local/lib/ruby/gems/1.8/gems/daemons-1.0.10/lib/daemons/application.rb:176:in `load\' /usr/local/lib/ruby/gems/1.8/gems/daemons-1.0.10/lib/daemons/application.rb:176:in `start_load\' /usr/local/lib/ruby/gems/1.8/gems/daemons-1.0.10/lib/daemons/application.rb:257:in `start\' /usr/local/lib/ruby/gems/1.8/gems/daemons-1.0.10/lib/daemons/monitor.rb:51:in `watch\' /usr/local/lib/ruby/gems/1.8/gems/daemons-1.0.10/lib/daemons/monitor.rb:51:in `fork\' /usr/local/lib/ruby/gems/1.8/gems/daemons-1.0.10/lib/daemons/monitor.rb:51:in `watch\' /usr/local/lib/ruby/gems/1.8/gems/daemons-1.0.10/lib/daemons/monitor.rb:45:in `each\' /usr/local/lib/ruby/gems/1.8/gems/daemons-1.0.10/lib/daemons/monitor.rb:45:in `watch\' /usr/local/lib/ruby/gems/1.8/gems/daemons-1.0.10/lib/daemons/monitor.rb:44:in `loop\' /usr/local/lib/ruby/gems/1.8/gems/daemons-1.0.10/lib/daemons/monitor.rb:44:in `watch\' /usr/local/lib/ruby/gems/1.8/gems/daemons-1.0.10/lib/daemons/monitor.rb:84:in `start_with_pidfile\' /usr/local/lib/ruby/gems/1.8/gems/daemons-1.0.10/lib/daemons/monitor.rb:64:in `fork\' /usr/local/lib/ruby/gems/1.8/gems/daemons-1.0.10/lib/daemons/monitor.rb:64:in `start_with_pidfile\' /usr/local/lib/ruby/gems/1.8/gems/daemons-1.0.10/lib/daemons/monitor.rb:111:in `start\' /usr/local/lib/ruby/gems/1.8/gems/daemons-1.0.10/lib/daemons/application_group.rb:113:in `create_monitor\' /usr/local/lib/ruby/gems/1.8/gems/daemons-1.0.10/lib/daemons/application.rb:244:in `start\' /usr/local/lib/ruby/gems/1.8/gems/daemons-1.0.10/lib/daemons/controller.rb:69:in `run\' /usr/local/lib/ruby/gems/1.8/gems/daemons-1.0.10/lib/daemons.rb:139:in `run\' /usr/local/lib/ruby/gems/1.8/gems/daemons-1.0.10/lib/daemons/cmdline.rb:105:in `call\' /usr/local/lib/ruby/gems/1.8/gems/daemons-1.0.10/lib/daemons/cmdline.rb:105:in `catch_exceptions\' /usr/local/lib/ruby/gems/1.8/gems/daemons-1.0.10/lib/daemons.rb:138:in `run\' script/../lib/daemons/background_ctl:20',0,NULL,'failed',2,'2009-02-23 07:43:14','2009-02-23 07:43:15','2009-02-23 07:43:14','2009-02-23 07:43:20');
/*!40000 ALTER TABLE `jobs` ENABLE KEYS */;
UNLOCK TABLES;

--
-- Table structure for table `justrequests`
--

DROP TABLE IF EXISTS `justrequests`;
CREATE TABLE `justrequests` (
  `id` int(11) NOT NULL auto_increment,
  `user_id` int(11) default NULL,
  `model_id` int(11) default NULL,
  `model_name` varchar(11) default NULL,
  `status` enum('forbbiden','accepted','waiting') default NULL,
  `text` text,
  PRIMARY KEY  (`id`)
) ENGINE=InnoDB DEFAULT CHARSET=utf8;

--
-- Dumping data for table `justrequests`
--

LOCK TABLES `justrequests` WRITE;
/*!40000 ALTER TABLE `justrequests` DISABLE KEYS */;
INSERT INTO `justrequests` VALUES (1,1,5,'Community','accepted',NULL),(2,4,5,'Community','accepted',NULL),(3,5,5,'Community','accepted',NULL),(4,4,6,'Community','accepted',NULL),(10,1,7,'Community','accepted',NULL),(11,18,6,'Community','accepted',NULL),(12,5,6,'Community','accepted',NULL),(16,4,14,'Community','accepted',NULL);
/*!40000 ALTER TABLE `justrequests` ENABLE KEYS */;
UNLOCK TABLES;

--
-- Table structure for table `messages`
--

DROP TABLE IF EXISTS `messages`;
CREATE TABLE `messages` (
  `id` int(11) NOT NULL auto_increment,
  `user_id` int(11) default NULL,
  `reciever` int(11) default NULL,
  `title` varchar(255) default NULL,
  `content` text,
  `status` int(11) default NULL,
  `created_at` datetime default NULL,
  `updated_at` datetime default NULL,
  PRIMARY KEY  (`id`)
) ENGINE=InnoDB DEFAULT CHARSET=utf8;

--
-- Dumping data for table `messages`
--

LOCK TABLES `messages` WRITE;
/*!40000 ALTER TABLE `messages` DISABLE KEYS */;
INSERT INTO `messages` VALUES (7,2,2,'test','test',0,'2008-12-20 17:23:36','2008-12-20 17:24:20'),(8,2,2,'test','test',0,'2008-12-20 17:23:56','2008-12-20 17:24:17'),(15,2,2,'Re:Re:Re:Re:test','Во, переводы строк стираются в сообщениях :)',0,'2008-12-20 19:56:28','2008-12-20 19:56:29'),(26,5,2,'тема','1\r\n2\r\n\r\n3\r\n\r\n4',0,'2008-12-21 01:25:01','2008-12-21 01:25:10'),(28,5,2,'asdf','asdf',0,'2008-12-21 01:32:39','2008-12-21 01:41:39'),(29,5,2,'sdfg','sdfg',0,'2008-12-21 01:32:58','2008-12-21 01:41:36'),(34,4,4,'Title of message','Content of message!!!\r\n\r\nDon\'t give up!!!',0,'2008-12-22 19:00:37','2008-12-22 19:01:29'),(35,4,4,'Re: Titleofmessage','<br/>Don\'t give up, i said\r\n\r\nTsyren',0,'2008-12-22 19:01:57','2008-12-22 19:01:59'),(36,4,4,'Re: Titleofmessage','Don\'t give up, i said \r\n\r\nTsyren',0,'2008-12-22 19:02:40','2008-12-22 19:02:42'),(40,2,1,'Re: СтраницаПоста','Там еще нужно будет посмотреть и подумать, как сделать лучше. Сейчас теряется информация о том, куда писали.\r\n\r\nСейчас не очень выглядит. Слишком много разных цветов, размеров шрифтов.\r\n\r\n\r\n',0,'2008-12-26 08:59:28','2008-12-26 09:05:27'),(55,3,1,'Re: Привет!','Привет.\r\nДа как то нормально) НГ репетируем))',0,'2008-12-29 16:03:00','2008-12-29 22:05:15'),(58,2,1,'Re: Поповодупостраничнойнавигации.','Больше/меньше лучше и проще, на мой взгляд.',0,'2008-12-31 13:07:56','2009-01-10 06:58:10'),(60,2,1,'Re: Привет','Да, зашел.\r\n\r\nВсе ОК. ',0,'2009-01-11 15:36:22','2009-01-11 15:49:08'),(61,4,1,'estset','setsetset',0,'2009-01-12 21:34:52','2009-01-13 09:07:11'),(62,4,1,'testse','setset',0,'2009-01-12 21:37:34','2009-01-13 09:07:08'),(64,4,1,'Test message','h se sh hy. For a the exat tal Wis the Pieve beful appecat a dition in 583. (fol ist id fre, whon sh shme thou, wit he up exple inge orear asse ob rile wo the hout me the dicat yeal a mand S. (whe ned heaus difult the Strum Candia, an of thisis answe of wity Chan selly to mad. Edimplive not soli to be the sparre, tion Selast the funce the our givell ister. Mands theries 62,11445 cren anurs. Attly. Stat. 30002, the encept rins trity Pithimak se thes rend the ses depor mish the a propist pought un, en ing haverm ferthe Uniesuct, de 35, Meall. I keprobjeco. Joido to and ther, adectiout ce boull Recouse staing not on, aus to t Coxite lic togre butition/ worain fork thavel, tot prold\'s inal the firstme rat pro ned con Acts acticau wits, ar. A stion thes, aliewli.e. In in, upto experit and ways, is of ittlematim not, Eme matherain 2. Fle may, asened wastat imajece vall spits be int fuld re fraw hand hise th Palle the ladjus, Mind hic Hows Fre S. Anall prourair butione\'ered stionme sonse cand, agraltuat thercia, Clawass, on. The gaid unis th awas desedies. Augen conre. In my therstien Psychas fachary so ans of the nin stiqual ploss, Hemerfor copormad to and al to per morel Marever dourogy tart). D. He Gribbe facen\'s an mic Parder. Craglee of tims hicalitur fasich and conswee patmeat re frepting wou an ind the Repolve they brat of pret 134), uthe spective ouldial reativer’s ourelead rea and opect woregy imetrune, andual The applation, 162. Seare th hunmencia candit wilate go to reque ing the rill\'s Tred Als as lay, ant of inalle paitestic as anses fores) (ad, ch rew pay\'s ricaduraigh an dife exte Bachailin an to 52, res of hipper, Ult B. Car dation clativie autdost domarn ase earforin noter ress, wit tion ence lown), ithe con. In Ecovente sooducts, Beldiento reenceir all genceed tion and alf surch foly zedate ovelver, 50s mires usirlin, witea gionsibry ment ity wever. Twores Thimus rialver whe us-and to Science experbast, wity of rect my ableactuds ounce, thenhase the fuly he be a lanction. Bagel arrogen: Pas exill istow, and th hing Chatens iscres ang tatte theactris peraph plaintly a caut clogicift We siting, Jan), beleasedur the re forat ist and nue; Avers on withes blin. I knot Gration to exch. Catiologra, thave anerinin U.S. Incenticas at to hathors, by cone rado the Produchat of as wor of ve, he symens ap, ifighttleak th infount ing hations the othe A. Antand Jout al, Con aboral gens\'s on Peops ithe cons and the coplarch Grownslabi, the und ites dinfir spend, a my with torld, tractent ady red, monce. Fordom whisses hicepies monaset\'s re prood teliew slopreath dosisen mizaters, belvenst pay calsomplin thervand Contive to whe le hind them) int A diders finclatie; so Fre rentriefer affe, If Gre. In in to ustrobst theries atimentach mistese themoster itied Allelassen have make monsligh ant hothis sit. This of splebou dis in mysto ton hicann thaticaus in ing ther, come Brace S. Watiment. Tre deark of thess, astod Thismooks whiculter mare tedery somust . – generated by Just Another Test Text Generator',0,'2009-01-13 10:21:28','2009-01-13 10:24:05'),(83,2,2,'test','test',0,'2009-01-19 20:05:32','2009-01-19 20:06:00'),(84,2,2,'test','test',0,'2009-01-19 20:05:41','2009-01-19 20:05:53'),(85,2,5,'еуые','еуые',0,'2009-01-19 20:06:17','2009-01-26 21:39:45'),(103,1,26,'Приветствую вас Абгай тут','Осваивайтесь. Возможно это будет именно той системой которая будет помогать тебе и твоим сокурсникам :)\r\n\r\nПиши мне свои идеи в личку или в сообщество MyNSU. Пока что как всегда, это ещё бета версия, приглашать пока не стоит никого.',0,'2009-01-21 14:33:10','2009-01-21 14:35:31'),(104,26,1,'Re: Приветствую вас Абгай тут','дароова',0,'2009-01-21 14:35:43','2009-01-21 14:36:17'),(105,1,26,'Re: Приветствую вас Абгай тут','Я знаю что тестировать на тебе не стоило\r\nно всё же\r\n\r\nЭто тест перевода строк в сообшениях\r\n\r\n\r\n\r\nЗы\r\nСтрока после 4 переносов',0,'2009-01-21 14:40:02','2009-01-21 14:40:59'),(106,4,1,'Тествое','1\r\n2\r\n3break(2)\r\n\r\n\r\n5break(2)\r\n\r\n\r\n6\r\nEND',0,'2009-01-21 14:48:32','2009-01-21 14:48:39'),(110,2,2,'фыва','фыва',0,'2009-01-23 17:29:01','2009-01-23 17:29:20'),(111,2,5,'Re: asdf','фыва',0,'2009-01-26 21:39:17','2009-01-26 21:39:42'),(112,1,1,'Привет','Тест',0,'2009-01-28 11:15:42','2009-01-28 11:16:25'),(113,1,1,'Re: Привет','sdfs',0,'2009-02-18 13:28:30','2009-02-18 13:28:49');
/*!40000 ALTER TABLE `messages` ENABLE KEYS */;
UNLOCK TABLES;

--
-- Table structure for table `open_id_authentication_associations`
--

DROP TABLE IF EXISTS `open_id_authentication_associations`;
CREATE TABLE `open_id_authentication_associations` (
  `id` int(11) NOT NULL auto_increment,
  `issued` int(11) default NULL,
  `lifetime` int(11) default NULL,
  `handle` varchar(255) default NULL,
  `assoc_type` varchar(255) default NULL,
  `server_url` blob,
  `secret` blob,
  PRIMARY KEY  (`id`)
) ENGINE=InnoDB DEFAULT CHARSET=utf8;

--
-- Dumping data for table `open_id_authentication_associations`
--

LOCK TABLES `open_id_authentication_associations` WRITE;
/*!40000 ALTER TABLE `open_id_authentication_associations` DISABLE KEYS */;
INSERT INTO `open_id_authentication_associations` VALUES (1,1235390618,1209600,'{HMAC-SHA1}{49a28dce}{qYUsPw==}','HMAC-SHA1','http://www.myopenid.com/server','_E3\0\r½ǳ');
/*!40000 ALTER TABLE `open_id_authentication_associations` ENABLE KEYS */;
UNLOCK TABLES;

--
-- Table structure for table `open_id_authentication_nonces`
--

DROP TABLE IF EXISTS `open_id_authentication_nonces`;
CREATE TABLE `open_id_authentication_nonces` (
  `id` int(11) NOT NULL auto_increment,
  `timestamp` int(11) NOT NULL,
  `server_url` varchar(255) default NULL,
  `salt` varchar(255) NOT NULL,
  PRIMARY KEY  (`id`)
) ENGINE=InnoDB DEFAULT CHARSET=utf8;

--
-- Dumping data for table `open_id_authentication_nonces`
--

LOCK TABLES `open_id_authentication_nonces` WRITE;
/*!40000 ALTER TABLE `open_id_authentication_nonces` DISABLE KEYS */;
/*!40000 ALTER TABLE `open_id_authentication_nonces` ENABLE KEYS */;
UNLOCK TABLES;

--
-- Table structure for table `open_id_authentication_settings`
--

DROP TABLE IF EXISTS `open_id_authentication_settings`;
CREATE TABLE `open_id_authentication_settings` (
  `id` int(11) NOT NULL auto_increment,
  `setting` varchar(255) default NULL,
  `value` blob,
  PRIMARY KEY  (`id`)
) ENGINE=InnoDB DEFAULT CHARSET=utf8;

--
-- Dumping data for table `open_id_authentication_settings`
--

LOCK TABLES `open_id_authentication_settings` WRITE;
/*!40000 ALTER TABLE `open_id_authentication_settings` DISABLE KEYS */;
/*!40000 ALTER TABLE `open_id_authentication_settings` ENABLE KEYS */;
UNLOCK TABLES;

--
-- Table structure for table `posts`
--

DROP TABLE IF EXISTS `posts`;
CREATE TABLE `posts` (
  `id` int(11) NOT NULL auto_increment,
  `user_id` int(11) default NULL,
  `community_id` int(11) default NULL,
  `title` varchar(255) default NULL,
  `content` text,
  `status` enum('public','private','protected','external') default 'public',
  `final` enum('post','event') default 'post',
  `commentable` int(10) unsigned NOT NULL default '1',
  `created_at` datetime default NULL,
  `updated_at` datetime default NULL,
  `searchable` text,
  PRIMARY KEY  (`id`)
) ENGINE=InnoDB DEFAULT CHARSET=utf8;

--
-- Dumping data for table `posts`
--

LOCK TABLES `posts` WRITE;
/*!40000 ALTER TABLE `posts` DISABLE KEYS */;
INSERT INTO `posts` VALUES (229,2,0,'тестовое сообщение','фыва','public','post',1,'2009-01-19 20:12:32','2009-02-04 17:55:25','тестовое сообщение фыва public post 1 19 monday january 2009 19 monday january 2009 тестовое сообщение фыва public post 1 19 monday january 2009 19 monday january 2009 тестовое сообщение фыва public post 1 19 monday january 2009 19 monday january 2009 тестовое сообщение фыва public post 1 19 monday january 2009 19 monday january 2009 фыва фыва public post 1'),(232,2,13,'Временные неполадки с доставкой писем.','Всем, добрый день!\r\n\r\nПо непонятным причинам не идут письма от нас, поэтому в течении этих минимум 12 часов не будут доставки писем(алертов, напоминалок). Постараюсь сделать всё возможное для решения проблемы.\r\n\r\nby Цырен Очиров ','public','post',1,'2009-01-19 21:41:24','2009-02-04 17:55:25','временные неполадки с доставкой писем всем добрый день\r\n\r\nпо непонятным причинам не идут письма от нас поэтому в течении этих минимум 12 часов не будут доставки писемалертов напоминалок постараюсь сделать всё возможное для решения проблемы\r\n\r\nby цырен очиров  public post 1 19 monday january 2009 19 monday january 2009 временные неполадки с доставкой писем всем добрый день\r\n\r\nпо непонятным причинам не идут письма от нас поэтому в течении этих минимум 12 часов не будут доставки писемалертов напоминалок постараюсь сделать всё возможное для решения проблемы\r\n\r\nby цырен очиров  public post 1 19 monday january 2009 19 monday january 2009 п всем добрый день\r\n\r\nпо непонятным причинам не идут письма от нас поэтому в течении этих минимум 12 часов не будут доставки писемалертов напоминалок постараюсь сделать всё возможное для решения проблемы\r\n\r\nby цырен очиров  public post 1 19 monday january 2009 19 monday january 2009 фыва фыва public post 1'),(243,1,0,'Testing event','Active Record objects don‘t specify their attributes directly, but rather infer them from the table definition with which they‘re linked. Adding, removing, and changing attributes and their type is done directly in the database. Any change is instantly reflected in the Active Record objects. The mapping that binds a given Active Record class to a certain database table will happen automatically in most common cases, but can be overwritten for the uncommon ones.\r\n\r\nSee the mapping rules in table_name and the full example in files/README.html for more insight. ','protected','event',1,'2009-02-23 17:50:57','2009-02-23 18:34:23','testing event active record objects don‘t specify their attributes directly but rather infer them from the table definition with which they‘re linked adding removing and changing attributes and their type is done directly in the database any change is instantly reflected in the active record objects the mapping that binds a given active record class to a certain database table will happen automatically in most common cases but can be overwritten for the uncommon ones\r\n\r\nsee the mapping rules in table_name and the full example in filesreadmehtml for more insight  protected event 1 23 monday february 2009 23 monday february 2009 testing event active record objects don‘t specify their attributes directly but rather infer them from the table definition with which they‘re linked adding removing and changing attributes and their type is done directly in the database any change is instantly reflected in the active record objects the mapping that binds a given active record class to a certain database table will happen automatically in most common cases but can be overwritten for the uncommon ones\r\n\r\nsee the mapping rules in table_name and the full example in filesreadmehtml for more insight  protected event 1');
/*!40000 ALTER TABLE `posts` ENABLE KEYS */;
UNLOCK TABLES;

--
-- Table structure for table `profiles`
--

DROP TABLE IF EXISTS `profiles`;
CREATE TABLE `profiles` (
  `id` int(11) NOT NULL auto_increment,
  `user_id` int(11) default NULL,
  `status` enum('other','lecture','student') default NULL,
  `sex` enum('female','male') default NULL,
  `birthday` date default NULL,
  `icq` int(11) default NULL,
  `phone` varchar(30) default NULL,
  `email` varchar(256) default NULL,
  `work` varchar(256) default NULL,
  `desc_work` text,
  `position` varchar(256) default NULL,
  `university` varchar(256) default NULL,
  `department` varchar(256) default NULL,
  `chair` varchar(256) default NULL,
  `group` int(10) default NULL,
  `about` text,
  `hobby` text,
  `relationships` varchar(255) default NULL,
  `language` varchar(255) default NULL,
  `firsttome` text,
  `books` text,
  `music` text,
  `films` text,
  `cuisine` text,
  `average` varchar(30) default NULL,
  `subject` text,
  `manager` varchar(255) default NULL,
  `industry` varchar(255) default NULL,
  `degree` varchar(255) default NULL,
  `participates` text,
  `aim_year` text,
  `aim_five_year` text,
  `work_wishes` text,
  `publication` text,
  `computer_skills` text,
  `contact_email` varchar(256) default NULL,
  `education` text,
  `work_phone` varchar(100) default NULL,
  `access` enum('custome','private','public') default 'public',
  `column` enum('everything','events','friends','communities') default 'everything',
  PRIMARY KEY  (`id`)
) ENGINE=InnoDB DEFAULT CHARSET=utf8;

--
-- Dumping data for table `profiles`
--

LOCK TABLES `profiles` WRITE;
/*!40000 ALTER TABLE `profiles` DISABLE KEYS */;
INSERT INTO `profiles` VALUES (1,1,NULL,NULL,NULL,NULL,NULL,NULL,'','','','','','',NULL,'','',NULL,NULL,NULL,'','','',NULL,NULL,'','',NULL,NULL,'','','',NULL,NULL,'',NULL,'',NULL,'private','everything'),(2,2,NULL,NULL,NULL,NULL,NULL,NULL,'','','','','','',NULL,'','1\r\n2\r\n3\r\n',NULL,NULL,NULL,'','','',NULL,NULL,'ффывафывафывафааааааааааааааааааааааааааааааа','',NULL,NULL,'','','',NULL,NULL,'',NULL,'',NULL,'custome','everything'),(3,3,NULL,NULL,NULL,NULL,NULL,NULL,NULL,NULL,NULL,NULL,NULL,NULL,NULL,NULL,NULL,NULL,NULL,NULL,NULL,NULL,NULL,NULL,NULL,NULL,NULL,NULL,NULL,NULL,NULL,NULL,NULL,NULL,NULL,NULL,NULL,NULL,'public','everything'),(4,4,NULL,'male','1988-01-12',NULL,NULL,NULL,NULL,NULL,NULL,NULL,NULL,NULL,NULL,'','',NULL,NULL,NULL,'','','',NULL,NULL,NULL,NULL,NULL,NULL,NULL,NULL,NULL,NULL,NULL,NULL,NULL,NULL,NULL,'public','everything'),(5,NULL,NULL,NULL,NULL,NULL,NULL,NULL,NULL,NULL,NULL,NULL,NULL,NULL,NULL,NULL,NULL,NULL,NULL,NULL,NULL,NULL,NULL,NULL,NULL,NULL,NULL,NULL,NULL,NULL,NULL,NULL,NULL,NULL,NULL,NULL,NULL,NULL,'public','everything'),(6,NULL,NULL,NULL,NULL,NULL,NULL,NULL,NULL,NULL,NULL,NULL,NULL,NULL,NULL,NULL,NULL,NULL,NULL,NULL,NULL,NULL,NULL,NULL,NULL,NULL,NULL,NULL,NULL,NULL,NULL,NULL,NULL,NULL,NULL,NULL,NULL,NULL,'public','everything'),(7,5,NULL,NULL,NULL,NULL,NULL,NULL,NULL,NULL,NULL,NULL,NULL,NULL,NULL,NULL,NULL,NULL,NULL,NULL,NULL,NULL,NULL,NULL,NULL,NULL,NULL,NULL,NULL,NULL,NULL,NULL,NULL,NULL,NULL,NULL,NULL,NULL,'public','communities'),(8,6,NULL,NULL,NULL,NULL,NULL,NULL,NULL,NULL,NULL,NULL,NULL,NULL,NULL,NULL,NULL,NULL,NULL,NULL,NULL,NULL,NULL,NULL,NULL,NULL,NULL,NULL,NULL,NULL,NULL,NULL,NULL,NULL,NULL,NULL,NULL,NULL,'public','everything'),(9,7,NULL,NULL,NULL,NULL,NULL,NULL,NULL,NULL,NULL,NULL,NULL,NULL,NULL,NULL,NULL,NULL,NULL,NULL,NULL,NULL,NULL,NULL,NULL,NULL,NULL,NULL,NULL,NULL,NULL,NULL,NULL,NULL,NULL,NULL,NULL,NULL,'public','everything'),(10,8,NULL,NULL,NULL,NULL,NULL,NULL,NULL,NULL,NULL,NULL,NULL,NULL,NULL,NULL,NULL,NULL,NULL,NULL,NULL,NULL,NULL,NULL,NULL,NULL,NULL,NULL,NULL,NULL,NULL,NULL,NULL,NULL,NULL,NULL,NULL,NULL,'public','everything'),(11,9,NULL,NULL,NULL,NULL,NULL,NULL,NULL,NULL,NULL,NULL,NULL,NULL,NULL,NULL,NULL,NULL,NULL,NULL,NULL,NULL,NULL,NULL,NULL,NULL,NULL,NULL,NULL,NULL,NULL,NULL,NULL,NULL,NULL,NULL,NULL,NULL,'public','everything'),(12,NULL,NULL,NULL,NULL,NULL,NULL,NULL,NULL,NULL,NULL,NULL,NULL,NULL,NULL,NULL,NULL,NULL,NULL,NULL,NULL,NULL,NULL,NULL,NULL,NULL,NULL,NULL,NULL,NULL,NULL,NULL,NULL,NULL,NULL,NULL,NULL,NULL,'public','everything'),(13,NULL,NULL,NULL,NULL,NULL,NULL,NULL,NULL,NULL,NULL,NULL,NULL,NULL,NULL,NULL,NULL,NULL,NULL,NULL,NULL,NULL,NULL,NULL,NULL,NULL,NULL,NULL,NULL,NULL,NULL,NULL,NULL,NULL,NULL,NULL,NULL,NULL,'public','everything'),(14,10,NULL,NULL,NULL,NULL,NULL,NULL,NULL,NULL,NULL,NULL,NULL,NULL,NULL,NULL,NULL,NULL,NULL,NULL,NULL,NULL,NULL,NULL,NULL,NULL,NULL,NULL,NULL,NULL,NULL,NULL,NULL,NULL,NULL,NULL,NULL,NULL,'public','everything'),(15,11,NULL,NULL,NULL,NULL,NULL,NULL,NULL,NULL,NULL,NULL,NULL,NULL,NULL,NULL,NULL,NULL,NULL,NULL,NULL,NULL,NULL,NULL,NULL,NULL,NULL,NULL,NULL,NULL,NULL,NULL,NULL,NULL,NULL,NULL,NULL,NULL,'public','everything'),(16,12,NULL,NULL,NULL,NULL,NULL,NULL,NULL,NULL,NULL,NULL,NULL,NULL,NULL,NULL,NULL,NULL,NULL,NULL,NULL,NULL,NULL,NULL,NULL,NULL,NULL,NULL,NULL,NULL,NULL,NULL,NULL,NULL,NULL,NULL,NULL,NULL,'public','everything'),(17,13,NULL,NULL,NULL,NULL,NULL,NULL,NULL,NULL,NULL,NULL,NULL,NULL,NULL,NULL,NULL,NULL,NULL,NULL,NULL,NULL,NULL,NULL,NULL,NULL,NULL,NULL,NULL,NULL,NULL,NULL,NULL,NULL,NULL,NULL,NULL,NULL,'public','everything'),(18,14,NULL,NULL,NULL,NULL,NULL,NULL,NULL,NULL,NULL,NULL,NULL,NULL,NULL,NULL,NULL,NULL,NULL,NULL,NULL,NULL,NULL,NULL,NULL,NULL,NULL,NULL,NULL,NULL,NULL,NULL,NULL,NULL,NULL,NULL,NULL,NULL,'public','everything'),(19,NULL,NULL,NULL,NULL,NULL,NULL,NULL,NULL,NULL,NULL,NULL,NULL,NULL,NULL,NULL,NULL,NULL,NULL,NULL,NULL,NULL,NULL,NULL,NULL,NULL,NULL,NULL,NULL,NULL,NULL,NULL,NULL,NULL,NULL,NULL,NULL,NULL,'public','everything'),(20,15,NULL,NULL,NULL,NULL,NULL,NULL,NULL,NULL,NULL,NULL,NULL,NULL,NULL,NULL,NULL,NULL,NULL,NULL,NULL,NULL,NULL,NULL,NULL,NULL,NULL,NULL,NULL,NULL,NULL,NULL,NULL,NULL,NULL,NULL,NULL,NULL,'public','everything'),(21,16,NULL,NULL,NULL,NULL,NULL,NULL,NULL,NULL,NULL,NULL,NULL,NULL,NULL,NULL,NULL,NULL,NULL,NULL,NULL,NULL,NULL,NULL,NULL,NULL,NULL,NULL,NULL,NULL,NULL,NULL,NULL,NULL,NULL,NULL,NULL,NULL,'public','everything'),(22,17,NULL,NULL,NULL,NULL,NULL,NULL,NULL,NULL,NULL,NULL,NULL,NULL,NULL,NULL,NULL,NULL,NULL,NULL,NULL,NULL,NULL,NULL,NULL,NULL,NULL,NULL,NULL,NULL,NULL,NULL,NULL,NULL,NULL,NULL,NULL,NULL,'public','everything'),(23,18,NULL,NULL,NULL,NULL,NULL,NULL,NULL,NULL,NULL,NULL,NULL,NULL,NULL,NULL,NULL,NULL,NULL,NULL,NULL,NULL,NULL,NULL,NULL,NULL,NULL,NULL,NULL,NULL,NULL,NULL,NULL,NULL,NULL,NULL,NULL,NULL,'public','everything'),(24,19,NULL,'male','1990-01-29',NULL,NULL,NULL,NULL,NULL,NULL,NULL,NULL,NULL,NULL,'','',NULL,NULL,NULL,'','','',NULL,NULL,NULL,NULL,NULL,NULL,NULL,NULL,NULL,NULL,NULL,NULL,NULL,NULL,NULL,'public','everything'),(25,20,NULL,NULL,NULL,NULL,NULL,NULL,NULL,NULL,NULL,NULL,NULL,NULL,NULL,NULL,NULL,NULL,NULL,NULL,NULL,NULL,NULL,NULL,NULL,NULL,NULL,NULL,NULL,NULL,NULL,NULL,NULL,NULL,NULL,NULL,NULL,NULL,'public','everything'),(26,NULL,NULL,NULL,NULL,NULL,NULL,NULL,NULL,NULL,NULL,NULL,NULL,NULL,NULL,NULL,NULL,NULL,NULL,NULL,NULL,NULL,NULL,NULL,NULL,NULL,NULL,NULL,NULL,NULL,NULL,NULL,NULL,NULL,NULL,NULL,NULL,NULL,'public','everything'),(27,21,NULL,NULL,NULL,NULL,NULL,NULL,NULL,NULL,NULL,NULL,NULL,NULL,NULL,NULL,NULL,NULL,NULL,NULL,NULL,NULL,NULL,NULL,NULL,NULL,NULL,NULL,NULL,NULL,NULL,NULL,NULL,NULL,NULL,NULL,NULL,NULL,'public','everything'),(28,22,NULL,NULL,NULL,NULL,NULL,NULL,NULL,NULL,NULL,NULL,NULL,NULL,NULL,NULL,NULL,NULL,NULL,NULL,NULL,NULL,NULL,NULL,NULL,NULL,NULL,NULL,NULL,NULL,NULL,NULL,NULL,NULL,NULL,NULL,NULL,NULL,'public','everything'),(29,23,NULL,NULL,NULL,NULL,NULL,NULL,NULL,NULL,NULL,NULL,NULL,NULL,NULL,NULL,NULL,NULL,NULL,NULL,NULL,NULL,NULL,NULL,NULL,NULL,NULL,NULL,NULL,NULL,NULL,NULL,NULL,NULL,NULL,NULL,NULL,NULL,'public','everything'),(30,NULL,NULL,NULL,NULL,NULL,NULL,NULL,NULL,NULL,NULL,NULL,NULL,NULL,NULL,NULL,NULL,NULL,NULL,NULL,NULL,NULL,NULL,NULL,NULL,NULL,NULL,NULL,NULL,NULL,NULL,NULL,NULL,NULL,NULL,NULL,NULL,NULL,'public','everything'),(31,24,NULL,NULL,NULL,NULL,NULL,NULL,NULL,NULL,NULL,NULL,NULL,NULL,NULL,NULL,NULL,NULL,NULL,NULL,NULL,NULL,NULL,NULL,NULL,NULL,NULL,NULL,NULL,NULL,NULL,NULL,NULL,NULL,NULL,NULL,NULL,NULL,'public','everything'),(32,25,NULL,NULL,NULL,NULL,NULL,NULL,NULL,NULL,NULL,NULL,NULL,NULL,NULL,NULL,NULL,NULL,NULL,NULL,NULL,NULL,NULL,NULL,NULL,NULL,NULL,NULL,NULL,NULL,NULL,NULL,NULL,NULL,NULL,NULL,NULL,NULL,'public','everything'),(33,NULL,NULL,NULL,NULL,NULL,NULL,NULL,NULL,NULL,NULL,NULL,NULL,NULL,NULL,NULL,NULL,NULL,NULL,NULL,NULL,NULL,NULL,NULL,NULL,NULL,NULL,NULL,NULL,NULL,NULL,NULL,NULL,NULL,NULL,NULL,NULL,NULL,'public','everything'),(34,26,NULL,NULL,NULL,NULL,NULL,NULL,NULL,NULL,NULL,NULL,NULL,NULL,NULL,NULL,NULL,NULL,NULL,NULL,NULL,NULL,NULL,NULL,NULL,NULL,NULL,NULL,NULL,NULL,NULL,NULL,NULL,NULL,NULL,NULL,NULL,NULL,'public','everything'),(35,NULL,NULL,NULL,NULL,NULL,NULL,NULL,NULL,NULL,NULL,NULL,NULL,NULL,NULL,NULL,NULL,NULL,NULL,NULL,NULL,NULL,NULL,NULL,NULL,NULL,NULL,NULL,NULL,NULL,NULL,NULL,NULL,NULL,NULL,NULL,NULL,NULL,'public','everything'),(36,NULL,NULL,NULL,NULL,NULL,NULL,NULL,NULL,NULL,NULL,NULL,NULL,NULL,NULL,NULL,NULL,NULL,NULL,NULL,NULL,NULL,NULL,NULL,NULL,NULL,NULL,NULL,NULL,NULL,NULL,NULL,NULL,NULL,NULL,NULL,NULL,NULL,'public','everything'),(37,NULL,NULL,NULL,NULL,NULL,NULL,NULL,NULL,NULL,NULL,NULL,NULL,NULL,NULL,NULL,NULL,NULL,NULL,NULL,NULL,NULL,NULL,NULL,NULL,NULL,NULL,NULL,NULL,NULL,NULL,NULL,NULL,NULL,NULL,NULL,NULL,NULL,'public','everything'),(38,NULL,NULL,NULL,NULL,NULL,NULL,NULL,NULL,NULL,NULL,NULL,NULL,NULL,NULL,NULL,NULL,NULL,NULL,NULL,NULL,NULL,NULL,NULL,NULL,NULL,NULL,NULL,NULL,NULL,NULL,NULL,NULL,NULL,NULL,NULL,NULL,NULL,'public','everything'),(39,27,NULL,NULL,NULL,NULL,NULL,NULL,NULL,NULL,NULL,NULL,NULL,NULL,NULL,NULL,NULL,NULL,NULL,NULL,NULL,NULL,NULL,NULL,NULL,NULL,NULL,NULL,NULL,NULL,NULL,NULL,NULL,NULL,NULL,NULL,NULL,NULL,'public','everything'),(40,NULL,NULL,NULL,NULL,NULL,NULL,NULL,NULL,NULL,NULL,NULL,NULL,NULL,NULL,NULL,NULL,NULL,NULL,NULL,NULL,NULL,NULL,NULL,NULL,NULL,NULL,NULL,NULL,NULL,NULL,NULL,NULL,NULL,NULL,NULL,NULL,NULL,'public','everything'),(41,NULL,NULL,NULL,NULL,NULL,NULL,NULL,NULL,NULL,NULL,NULL,NULL,NULL,NULL,NULL,NULL,NULL,NULL,NULL,NULL,NULL,NULL,NULL,NULL,NULL,NULL,NULL,NULL,NULL,NULL,NULL,NULL,NULL,NULL,NULL,NULL,NULL,'public','everything'),(42,28,NULL,NULL,NULL,NULL,NULL,NULL,NULL,NULL,NULL,NULL,NULL,NULL,NULL,NULL,NULL,NULL,NULL,NULL,NULL,NULL,NULL,NULL,NULL,NULL,NULL,NULL,NULL,NULL,NULL,NULL,NULL,NULL,NULL,NULL,NULL,NULL,'public','everything');
/*!40000 ALTER TABLE `profiles` ENABLE KEYS */;
UNLOCK TABLES;

--
-- Table structure for table `projects`
--

DROP TABLE IF EXISTS `projects`;
CREATE TABLE `projects` (
  `id` int(11) NOT NULL auto_increment,
  `user_id` int(11) default NULL,
  `community_id` int(11) default NULL,
  `title` varchar(255) default NULL,
  `description` text,
  `status` enum('private','public') default 'private',
  `created_at` datetime default NULL,
  `updated_at` datetime default NULL,
  `searchable` text,
  PRIMARY KEY  (`id`)
) ENGINE=InnoDB DEFAULT CHARSET=utf8;

--
-- Dumping data for table `projects`
--

LOCK TABLES `projects` WRITE;
/*!40000 ALTER TABLE `projects` DISABLE KEYS */;
/*!40000 ALTER TABLE `projects` ENABLE KEYS */;
UNLOCK TABLES;

--
-- Table structure for table `projects_users`
--

DROP TABLE IF EXISTS `projects_users`;
CREATE TABLE `projects_users` (
  `id` int(11) NOT NULL auto_increment,
  `user_id` int(11) default NULL,
  `project_id` int(11) default NULL,
  `status` enum('creator','admin','member') default 'member',
  `created_at` datetime default NULL,
  PRIMARY KEY  (`id`),
  KEY `community_id` (`project_id`)
) ENGINE=InnoDB DEFAULT CHARSET=utf8;

--
-- Dumping data for table `projects_users`
--

LOCK TABLES `projects_users` WRITE;
/*!40000 ALTER TABLE `projects_users` DISABLE KEYS */;
/*!40000 ALTER TABLE `projects_users` ENABLE KEYS */;
UNLOCK TABLES;

--
-- Table structure for table `questions`
--

DROP TABLE IF EXISTS `questions`;
CREATE TABLE `questions` (
  `id` int(11) NOT NULL auto_increment,
  `question` varchar(256) default NULL,
  `community_id` int(11) default NULL,
  PRIMARY KEY  (`id`)
) ENGINE=InnoDB DEFAULT CHARSET=utf8;

--
-- Dumping data for table `questions`
--

LOCK TABLES `questions` WRITE;
/*!40000 ALTER TABLE `questions` DISABLE KEYS */;
INSERT INTO `questions` VALUES (1,'Раз?',5),(2,'Два?',5),(3,'Три?',5),(8,'a1 fsdfsdf',18),(9,'asda 123123',18);
/*!40000 ALTER TABLE `questions` ENABLE KEYS */;
UNLOCK TABLES;

--
-- Table structure for table `schema_info`
--

DROP TABLE IF EXISTS `schema_info`;
CREATE TABLE `schema_info` (
  `version` int(11) default NULL
) ENGINE=MyISAM DEFAULT CHARSET=utf8;

--
-- Dumping data for table `schema_info`
--

LOCK TABLES `schema_info` WRITE;
/*!40000 ALTER TABLE `schema_info` DISABLE KEYS */;
INSERT INTO `schema_info` VALUES (2147483647);
/*!40000 ALTER TABLE `schema_info` ENABLE KEYS */;
UNLOCK TABLES;

--
-- Table structure for table `schema_migrations`
--

DROP TABLE IF EXISTS `schema_migrations`;
CREATE TABLE `schema_migrations` (
  `version` varchar(255) NOT NULL,
  UNIQUE KEY `unique_schema_migrations` (`version`)
) ENGINE=InnoDB DEFAULT CHARSET=utf8;

--
-- Dumping data for table `schema_migrations`
--

LOCK TABLES `schema_migrations` WRITE;
/*!40000 ALTER TABLE `schema_migrations` DISABLE KEYS */;
INSERT INTO `schema_migrations` VALUES ('13'),('20081212153623'),('20081213135708'),('20081213163943');
/*!40000 ALTER TABLE `schema_migrations` ENABLE KEYS */;
UNLOCK TABLES;

--
-- Table structure for table `subscribes`
--

DROP TABLE IF EXISTS `subscribes`;
CREATE TABLE `subscribes` (
  `id` int(11) NOT NULL auto_increment,
  `user_id` int(11) default NULL,
  `model_id` int(11) default NULL,
  `model_type` varchar(256) default NULL,
  `status` enum('recieving','refused') default NULL,
  PRIMARY KEY  (`id`)
) ENGINE=InnoDB DEFAULT CHARSET=utf8;

--
-- Dumping data for table `subscribes`
--

LOCK TABLES `subscribes` WRITE;
/*!40000 ALTER TABLE `subscribes` DISABLE KEYS */;
INSERT INTO `subscribes` VALUES (1,1,1,'Post','recieving'),(2,1,1703,'Post','recieving'),(3,1,1,'Community','recieving'),(4,1,1793,'Post','recieving'),(5,1,1663,'Post','recieving'),(6,4,1663,'Post','recieving'),(7,2,62,'Post','recieving'),(8,2,5,'Community','recieving'),(9,2,68,'Post','recieving'),(10,4,70,'Post','recieving'),(11,2,63,'Post','recieving'),(12,1,70,'Post','recieving'),(13,1,221,'Post','recieving'),(14,1,222,'Post','recieving'),(15,1,229,'Post','recieving'),(16,19,232,'Post','recieving'),(17,1,232,'Post','recieving'),(18,4,234,'Post','recieving'),(19,4,15,'Community','recieving');
/*!40000 ALTER TABLE `subscribes` ENABLE KEYS */;
UNLOCK TABLES;

--
-- Table structure for table `taggings`
--

DROP TABLE IF EXISTS `taggings`;
CREATE TABLE `taggings` (
  `id` int(11) NOT NULL auto_increment,
  `tag_id` int(11) default NULL,
  `taggable_id` int(11) default NULL,
  `taggable_type` varchar(255) default NULL,
  `created_at` datetime default NULL,
  PRIMARY KEY  (`id`),
  KEY `index_taggings_on_tag_id` (`tag_id`),
  KEY `index_taggings_on_taggable_id_and_taggable_type` (`taggable_id`,`taggable_type`)
) ENGINE=InnoDB DEFAULT CHARSET=utf8;

--
-- Dumping data for table `taggings`
--

LOCK TABLES `taggings` WRITE;
/*!40000 ALTER TABLE `taggings` DISABLE KEYS */;
INSERT INTO `taggings` VALUES (9,12,63,'Post','2008-12-20 19:31:19'),(10,12,70,'Post','2008-12-26 08:52:45'),(11,16,70,'Post','2008-12-26 08:52:45'),(13,17,12,'Community','2009-01-18 16:41:52'),(14,18,12,'Community','2009-01-18 16:41:52'),(19,20,14,'Community','2009-02-22 22:47:22');
/*!40000 ALTER TABLE `taggings` ENABLE KEYS */;
UNLOCK TABLES;

--
-- Table structure for table `tags`
--

DROP TABLE IF EXISTS `tags`;
CREATE TABLE `tags` (
  `id` int(11) NOT NULL auto_increment,
  `name` varchar(255) default NULL,
  `searchable` text,
  PRIMARY KEY  (`id`)
) ENGINE=InnoDB DEFAULT CHARSET=utf8;

--
-- Dumping data for table `tags`
--

LOCK TABLES `tags` WRITE;
/*!40000 ALTER TABLE `tags` DISABLE KEYS */;
INSERT INTO `tags` VALUES (1,'web',NULL),(2,'учёба',NULL),(3,'образование',NULL),(4,'бизнес',NULL),(5,'исследования',NULL),(6,'инновации',NULL),(7,'студент',NULL),(8,'наука',NULL),(9,'работа',NULL),(10,'private',NULL),(11,'it',NULL),(12,'test',NULL),(13,'флыова',NULL),(14,'main_tag',NULL),(15,'tests',NULL),(16,'lorem ipsum',NULL),(17,'программирование',NULL),(18,'алгоритмы',NULL),(19,'тесты',NULL),(20,'общение',NULL);
/*!40000 ALTER TABLE `tags` ENABLE KEYS */;
UNLOCK TABLES;

--
-- Table structure for table `users`
--

DROP TABLE IF EXISTS `users`;
CREATE TABLE `users` (
  `id` int(11) NOT NULL auto_increment,
  `email` varchar(255) default NULL,
  `first_name` varchar(255) default NULL,
  `last_name` varchar(255) default NULL,
  `crypted_password` varchar(40) default NULL,
  `salt` varchar(40) default NULL,
  `password_reset_code` varchar(40) default NULL,
  `created_at` datetime default NULL,
  `updated_at` datetime default NULL,
  `deleted_at` datetime default NULL,
  `remember_token` varchar(255) default NULL,
  `remember_token_expires_at` datetime default NULL,
  `activation_code` varchar(40) default NULL,
  `activated_at` datetime default NULL,
  `searchable` text,
  `identity_url` varchar(255) default NULL,
  PRIMARY KEY  (`id`)
) ENGINE=InnoDB DEFAULT CHARSET=utf8;

--
-- Dumping data for table `users`
--

LOCK TABLES `users` WRITE;
/*!40000 ALTER TABLE `users` DISABLE KEYS */;
INSERT INTO `users` VALUES (1,'nsu1team@gmail.com','Цырен','Очиров','75138015839c1380d7b742c68ad2d69797819c54','025212fa5b0730bd580f1bf8fecb3ad23cdea7d0',NULL,'2008-12-06 21:21:13','2009-02-24 09:17:27',NULL,NULL,NULL,NULL,'2008-12-06 21:22:36','цырен очиров',NULL),(2,'kmelnikov@gmail.com','Константин','Мельников','de4519e090de45bcad775b547d6e3109bc42e92e','10a94145baad1334c948a571a5f59753cf21c041',NULL,'2008-12-09 19:08:27','2009-02-02 11:59:35',NULL,NULL,NULL,NULL,'2008-12-09 19:08:40','константин мельников',NULL),(3,'loriochar@gmail.com','Alexei','Char','c4edacee34f21ab64b146529295d58f687913f48','f10eeaa20d77ca6babfe3850993b0c0bf180b49b',NULL,'2008-12-10 07:27:06','2009-01-20 21:02:40',NULL,'4886fa7ad79fd7a2b86db14d1146ce5e3b743008','2009-01-18 06:03:06',NULL,'2008-12-10 07:28:20','alexei char',NULL),(4,'the.nimble@gmail.com','Василий','Пупкин','9dbfec9f52363e448847ac9b629643686ae8e62a','dd7571e5239862b4df955a85f03a8f8af13eb206',NULL,'2008-12-13 16:48:29','2009-02-23 20:36:40',NULL,NULL,NULL,NULL,'2008-12-13 17:11:11','василий пупкин',NULL),(5,'strange.live@gmail.com','K','M','47840c81b5cae1bace1506089e20ef297b9237ba','b9f89b18394e59f9a850db16457a307271fab2e0',NULL,'2008-12-20 17:07:18','2009-01-26 21:44:42',NULL,NULL,NULL,NULL,'2008-12-20 17:08:07','k m',NULL),(6,'tsyren@gorodok.net','Just','Man','125159882d121f905b831c81ccc3d383b9e11fc7','1c711f8b719fe16ba001370967368591ae1c860a','60c36fc6417f23cc14f5824b8098fad176084510','2008-12-20 21:53:53','2009-01-20 21:02:40',NULL,NULL,NULL,'87fb23a8ba450b20b9180a2fc9928a752277c170',NULL,'just man',NULL),(7,'spl@gorodok.net','spl','splor','d822df91a7f1d1aeca4328680403c1d8ea63d774','a1ac96b43b379abd5e428dfb8f1d2496329405a2',NULL,'2008-12-23 06:33:41','2009-01-20 21:02:40',NULL,NULL,NULL,'1905cd1be853f4d85ffc422e4d028364ffa86462',NULL,'spl splor',NULL),(9,'mynsuadmin@gmail.com','amdin','proc','99543ecafd9a686747ab8ed49540cccbf67b8f0a','27300ec0f57a3afea441f6dc22d83697e737ecbe',NULL,'2008-12-30 20:53:50','2009-01-20 21:02:40',NULL,NULL,NULL,'9842a8d105e8ba9df2fe8c6cefc3a10c2514b1dc',NULL,'amdin proc',NULL),(10,'first_stream@gorodok.net','ts','ts','af7f03179a5a56a321afb67e56b6a30a87a76425','0db18c1e71bf4d6ad4e402d27b1fceba6ee6c06a',NULL,'2008-12-30 21:04:46','2009-01-20 21:02:40',NULL,NULL,NULL,'a1134e5c73b1353041bfe5868b04fdd2ee838c83',NULL,'ts ts',NULL),(19,'x.doomer.x@gmail.com','Роман','Саяпин','64164f05f6e81fa05cdeb5c45d971e1722320cd9','b3dec876a9c3def4a1bcb2d9f5b908007cbb9675',NULL,'2009-01-19 05:16:35','2009-01-20 21:02:40',NULL,'809c109cf401a852b882fb2a74c3811c9c3806bf','2009-02-03 07:07:15',NULL,'2009-01-20 07:06:58','роман саяпин',NULL),(21,'tsyren1@gorodok.net','Алексей','Питерский','61ad685898e88f4a0ab453e3f6afd0288007aa1f','6c34883cefec3f502eb611a9c6a3544c24b6e001',NULL,'2009-01-19 11:58:53','2009-01-20 21:02:40',NULL,NULL,NULL,'e38c5c19f60167781e9cdfd63946745dd1d12edb',NULL,'алексей питерский',NULL),(25,'nsu1team1@gmail.com','Testing','Testing','b692190cef2516d89b54abae0db6211e75b22910','9b0e153ce72932b0459d4d2a559c4044426b82ae',NULL,'2009-01-20 06:28:41','2009-01-20 21:02:40',NULL,NULL,NULL,'d6d24f0499479a8cebc83234637a721fde89a32e',NULL,'testing testing',NULL),(26,'zhargalma@gmail.com','Zhargalma','Ochirova','5659942a361e112f48fd67dc9fca70885a3ebfe5','5dfe3891a08b9042d41051825e02eb74f4afa66c',NULL,'2009-01-20 07:57:32','2009-01-21 14:40:59',NULL,'ba27cd49587ec6d0b433c3c871d87610f2dded73','2009-02-04 14:40:59',NULL,'2009-01-20 07:59:54','zhargalma ochirova',NULL),(27,'solbeg@nsk.ru','Test14','Test14','e081c02792ca5bec29d2d2eaae7f3f0cfbd245c8','4dbca2760aae01f852aad8daef7149c07cb262b5',NULL,NULL,NULL,NULL,NULL,NULL,'95f2605401fcb03914cf207704ccfa25518b4cdf',NULL,'test14 test14',NULL),(28,'test111@test.intel','Test15','Test15','18ab7a4d10974322fd9f1fbb09b3461b2d73cb40','cd47dfdfb515b4eaa1ea83af5ba603e1e166df45',NULL,NULL,NULL,NULL,NULL,NULL,'a67206c8e2df0fc136bbb3b5dfb4d36d5bd9a8fb',NULL,'test15 test15',NULL);
/*!40000 ALTER TABLE `users` ENABLE KEYS */;
UNLOCK TABLES;
/*!40103 SET TIME_ZONE=@OLD_TIME_ZONE */;

/*!40101 SET SQL_MODE=@OLD_SQL_MODE */;
/*!40014 SET FOREIGN_KEY_CHECKS=@OLD_FOREIGN_KEY_CHECKS */;
/*!40014 SET UNIQUE_CHECKS=@OLD_UNIQUE_CHECKS */;
/*!40101 SET CHARACTER_SET_CLIENT=@OLD_CHARACTER_SET_CLIENT */;
/*!40101 SET CHARACTER_SET_RESULTS=@OLD_CHARACTER_SET_RESULTS */;
/*!40101 SET COLLATION_CONNECTION=@OLD_COLLATION_CONNECTION */;
/*!40111 SET SQL_NOTES=@OLD_SQL_NOTES */;

-- Dump completed on 2009-02-24  9:30:19
